{"ARR_AIRPORT_LAT":"26.0725","ARR_AIRPORT_LON":"-80.15277778","ARR_AIRPORT_TZOFFSET":"-14400.0","ARR_DELAY":"-16.0","ARR_TIME":"2015-03-10 14:44:00","CANCELLED":"false","CRS_ARR_TIME":"2015-03-10 15:00:00","CRS_DEP_TIME":"2015-03-10 11:35:00","DEP_AIRPORT_LAT":"41.72388889","DEP_AIRPORT_LON":"-71.42833333","DEP_AIRPORT_TZOFFSET":"-14400.0","DEP_DELAY":"-4.0","DEP_TIME":"2015-03-10 11:31:00","DEST":"FLL","DEST_AIRPORT_SEQ_ID":"1169703","DISTANCE":"1188.0","DIVERTED":"false","FL_DATE":"2015-03-10","ORIGIN":"PVD","ORIGIN_AIRPORT_SEQ_ID":"1430702","TAXI_IN":"5.0","TAXI_OUT":"19.0","UNIQUE_CARRIER":"WN","WHEELS_OFF":"2015-03-10 11:50:00","WHEELS_ON":"2015-03-10 14:39:00"}
{"ARR_AIRPORT_LAT":"39.4575","ARR_AIRPORT_LON":"-74.57722222","ARR_AIRPORT_TZOFFSET":"-14400.0","ARR_DELAY":"-8.0","ARR_TIME":"2015-03-10 14:22:00","CANCELLED":"false","CRS_ARR_TIME":"2015-03-10 14:30:00","CRS_DEP_TIME":"2015-03-10 12:00:00","DEP_AIRPORT_LAT":"26.0725","DEP_AIRPORT_LON":"-80.15277778","DEP_AIRPORT_TZOFFSET":"-14400.0","DEP_DELAY":"1.0","DEP_TIME":"2015-03-10 12:01:00","DEST":"ACY","DEST_AIRPORT_SEQ_ID":"1015804","DISTANCE":"977.0","DIVERTED":"false","FL_DATE":"2015-03-10","ORIGIN":"FLL","ORIGIN_AIRPORT_SEQ_ID":"1169703","TAXI_IN":"3.0","TAXI_OUT":"14.0","UNIQUE_CARRIER":"NK","WHEELS_OFF":"2015-03-10 12:15:00","WHEELS_ON":"2015-03-10 14:19:00"}
{"ARR_AIRPORT_LAT":"37.72277778","ARR_AIRPORT_LON":"-122.22138889","ARR_AIRPORT_TZOFFSET":"-25200.0","ARR_DELAY":"-12.0","ARR_TIME":"2015-03-10 15:13:00","CANCELLED":"false","CRS_ARR_TIME":"2015-03-10 15:25:00","CRS_DEP_TIME":"2015-03-10 12:50:00","DEP_AIRPORT_LAT":"35.03888889","DEP_AIRPORT_LON":"-106.60833333","DEP_AIRPORT_TZOFFSET":"-21600.0","DEP_DELAY":"1.0","DEP_TIME":"2015-03-10 12:51:00","DEST":"OAK","DEST_AIRPORT_SEQ_ID":"1379603","DISTANCE":"889.0","DIVERTED":"false","FL_DATE":"2015-03-10","ORIGIN":"ABQ","ORIGIN_AIRPORT_SEQ_ID":"1014003","TAXI_IN":"5.0","TAXI_OUT":"11.0","UNIQUE_CARRIER":"WN","WHEELS_OFF":"2015-03-10 13:02:00","WHEELS_ON":"2015-03-10 15:08:00"}
{"ARR_AIRPORT_LAT":"26.0725","ARR_AIRPORT_LON":"-80.15277778","ARR_AIRPORT_TZOFFSET":"-14400.0","ARR_DELAY":"1.0","ARR_TIME":"2015-03-10 13:46:00","CANCELLED":"false","CRS_ARR_TIME":"2015-03-10 13:45:00","CRS_DEP_TIME":"2015-03-10 12:05:00","DEP_AIRPORT_LAT":"33.67972222","DEP_AIRPORT_LON":"-78.92833333","DEP_AIRPORT_TZOFFSET":"-14400.0","DEP_DELAY":"3.0","DEP_TIME":"2015-03-10 12:08:00","DEST":"FLL","DEST_AIRPORT_SEQ_ID":"1169703","DISTANCE":"529.0","DIVERTED":"false","FL_DATE":"2015-03-10","ORIGIN":"MYR","ORIGIN_AIRPORT_SEQ_ID":"1357702","TAXI_IN":"5.0","TAXI_OUT":"8.0","UNIQUE_CARRIER":"NK","WHEELS_OFF":"2015-03-10 12:16:00","WHEELS_ON":"2015-03-10 13:41:00"}
{"ARR_AIRPORT_LAT":"18.43944444","ARR_AIRPORT_LON":"-66.00222222","ARR_AIRPORT_TZOFFSET":"-14400.0","ARR_DELAY":"2.0","ARR_TIME":"2015-03-10 12:45:00","CANCELLED":"false","CRS_ARR_TIME":"2015-03-10 12:43:00","CRS_DEP_TIME":"2015-03-10 12:03:00","DEP_AIRPORT_LAT":"18.33722222","DEP_AIRPORT_LON":"-64.97333333","DEP_AIRPORT_TZOFFSET":"-14400.0","DEP_DELAY":"7.0","DEP_TIME":"2015-03-10 12:10:00","DEST":"SJU","DEST_AIRPORT_SEQ_ID":"1484304","DISTANCE":"68.0","DIVERTED":"false","FL_DATE":"2015-03-10","ORIGIN":"STT","ORIGIN_AIRPORT_SEQ_ID":"1502403","TAXI_IN":"5.0","TAXI_OUT":"13.0","UNIQUE_CARRIER":"B6","WHEELS_OFF":"2015-03-10 12:23:00","WHEELS_ON":"2015-03-10 12:40:00"}
{"ARR_AIRPORT_LAT":"26.0725","ARR_AIRPORT_LON":"-80.15277778","ARR_AIRPORT_TZOFFSET":"-14400.0","ARR_DELAY":"5.0","ARR_TIME":"2015-03-10 13:41:00","CANCELLED":"false","CRS_ARR_TIME":"2015-03-10 13:36:00","CRS_DEP_TIME":"2015-03-10 11:00:00","DEP_AIRPORT_LAT":"39.4575","DEP_AIRPORT_LON":"-74.57722222","DEP_AIRPORT_TZOFFSET":"-14400.0","DEP_DELAY":"-1.0","DEP_TIME":"2015-03-10 10:59:00","DEST":"FLL","DEST_AIRPORT_SEQ_ID":"1169703","DISTANCE":"977.0","DIVERTED":"false","FL_DATE":"2015-03-10","ORIGIN":"ACY","ORIGIN_AIRPORT_SEQ_ID":"1015804","TAXI_IN":"7.0","TAXI_OUT":"17.0","UNIQUE_CARRIER":"NK","WHEELS_OFF":"2015-03-10 11:16:00","WHEELS_ON":"2015-03-10 13:34:00"}
{"ARR_AIRPORT_LAT":"26.68305556","ARR_AIRPORT_LON":"-80.09555556","ARR_AIRPORT_TZOFFSET":"-14400.0","ARR_DELAY":"-12.0","ARR_TIME":"2015-03-10 13:58:00","CANCELLED":"false","CRS_ARR_TIME":"2015-03-10 14:10:00","CRS_DEP_TIME":"2015-03-10 11:00:00","DEP_AIRPORT_LAT":"41.72388889","DEP_AIRPORT_LON":"-71.42833333","DEP_AIRPORT_TZOFFSET":"-14400.0","DEP_DELAY":"1.0","DEP_TIME":"2015-03-10 11:01:00","DEST":"PBI","DEST_AIRPORT_SEQ_ID":"1402702","DISTANCE":"1148.0","DIVERTED":"false","FL_DATE":"2015-03-10","ORIGIN":"PVD","ORIGIN_AIRPORT_SEQ_ID":"1430702","TAXI_IN":"4.0","TAXI_OUT":"9.0","UNIQUE_CARRIER":"WN","WHEELS_OFF":"2015-03-10 11:10:00","WHEELS_ON":"2015-03-10 13:54:00"}
{"ARR_AIRPORT_LAT":"26.53611111","ARR_AIRPORT_LON":"-81.75527778","ARR_AIRPORT_TZOFFSET":"-14400.0","ARR_DELAY":"-9.0","ARR_TIME":"2015-03-10 14:51:00","CANCELLED":"false","CRS_ARR_TIME":"2015-03-10 15:00:00","CRS_DEP_TIME":"2015-03-10 11:40:00","DEP_AIRPORT_LAT":"41.93916667","DEP_AIRPORT_LON":"-72.68333333","DEP_AIRPORT_TZOFFSET":"-14400.0","DEP_DELAY":"-4.0","DEP_TIME":"2015-03-10 11:36:00","DEST":"RSW","DEST_AIRPORT_SEQ_ID":"1463502","DISTANCE":"1180.0","DIVERTED":"false","FL_DATE":"2015-03-10","ORIGIN":"BDL","ORIGIN_AIRPORT_SEQ_ID":"1052904","TAXI_IN":"5.0","TAXI_OUT":"10.0","UNIQUE_CARRIER":"WN","WHEELS_OFF":"2015-03-10 11:46:00","WHEELS_ON":"2015-03-10 14:46:00"}
{"ARR_AIRPORT_LAT":"33.67972222","ARR_AIRPORT_LON":"-78.92833333","ARR_AIRPORT_TZOFFSET":"-14400.0","ARR_DELAY":"-11.0","ARR_TIME":"2015-03-10 11:50:00","CANCELLED":"false","CRS_ARR_TIME":"2015-03-10 12:01:00","CRS_DEP_TIME":"2015-03-10 10:30:00","DEP_AIRPORT_LAT":"39.4575","DEP_AIRPORT_LON":"-74.57722222","DEP_AIRPORT_TZOFFSET":"-14400.0","DEP_DELAY":"-9.0","DEP_TIME":"2015-03-10 10:21:00","DEST":"MYR","DEST_AIRPORT_SEQ_ID":"1357702","DISTANCE":"466.0","DIVERTED":"false","FL_DATE":"2015-03-10","ORIGIN":"ACY","ORIGIN_AIRPORT_SEQ_ID":"1015804","TAXI_IN":"11.0","TAXI_OUT":"9.0","UNIQUE_CARRIER":"NK","WHEELS_OFF":"2015-03-10 10:30:00","WHEELS_ON":"2015-03-10 11:39:00"}
{"ARR_AIRPORT_LAT":"34.20055556","ARR_AIRPORT_LON":"-118.35861111","ARR_AIRPORT_TZOFFSET":"-25200.0","ARR_DELAY":"-16.0","ARR_TIME":"2015-03-10 14:09:00","CANCELLED":"false","CRS_ARR_TIME":"2015-03-10 14:25:00","CRS_DEP_TIME":"2015-03-10 13:15:00","DEP_AIRPORT_LAT":"37.72277778","DEP_AIRPORT_LON":"-122.22138889","DEP_AIRPORT_TZOFFSET":"-25200.0","DEP_DELAY":"-6.0","DEP_TIME":"2015-03-10 13:09:00","DEST":"BUR","DEST_AIRPORT_SEQ_ID":"1080003","DISTANCE":"325.0","DIVERTED":"false","FL_DATE":"2015-03-10","ORIGIN":"OAK","ORIGIN_AIRPORT_SEQ_ID":"1379603","TAXI_IN":"2.0","TAXI_OUT":"13.0","UNIQUE_CARRIER":"WN","WHEELS_OFF":"2015-03-10 13:22:00","WHEELS_ON":"2015-03-10 14:07:00"}
{"ARR_AIRPORT_LAT":"26.68305556","ARR_AIRPORT_LON":"-80.09555556","ARR_AIRPORT_TZOFFSET":"-14400.0","ARR_DELAY":"-18.0","ARR_TIME":"2015-03-10 14:56:00","CANCELLED":"false","CRS_ARR_TIME":"2015-03-10 15:14:00","CRS_DEP_TIME":"2015-03-10 12:40:00","DEP_AIRPORT_LAT":"39.4575","DEP_AIRPORT_LON":"-74.57722222","DEP_AIRPORT_TZOFFSET":"-14400.0","DEP_DELAY":"-10.0","DEP_TIME":"2015-03-10 12:30:00","DEST":"PBI","DEST_AIRPORT_SEQ_ID":"1402702","DISTANCE":"936.0","DIVERTED":"false","FL_DATE":"2015-03-10","ORIGIN":"ACY","ORIGIN_AIRPORT_SEQ_ID":"1015804","TAXI_IN":"3.0","TAXI_OUT":"11.0","UNIQUE_CARRIER":"NK","WHEELS_OFF":"2015-03-10 12:41:00","WHEELS_ON":"2015-03-10 14:53:00"}
{"ARR_AIRPORT_LAT":"40.27472222","ARR_AIRPORT_LON":"-79.40666667","ARR_AIRPORT_TZOFFSET":"-14400.0","ARR_DELAY":"-5.0","ARR_TIME":"2015-03-10 15:09:00","CANCELLED":"false","CRS_ARR_TIME":"2015-03-10 15:14:00","CRS_DEP_TIME":"2015-03-10 13:45:00","DEP_AIRPORT_LAT":"33.67972222","DEP_AIRPORT_LON":"-78.92833333","DEP_AIRPORT_TZOFFSET":"-14400.0","DEP_DELAY":"-5.0","DEP_TIME":"2015-03-10 13:40:00","DEST":"LBE","DEST_AIRPORT_SEQ_ID":"1289803","DISTANCE":"456.0","DIVERTED":"false","FL_DATE":"2015-03-10","ORIGIN":"MYR","ORIGIN_AIRPORT_SEQ_ID":"1357702","TAXI_IN":"4.0","TAXI_OUT":"15.0","UNIQUE_CARRIER":"NK","WHEELS_OFF":"2015-03-10 13:55:00","WHEELS_ON":"2015-03-10 15:05:00"}
{"ARR_AIRPORT_LAT":"47.61916667","ARR_AIRPORT_LON":"-117.53527778","ARR_AIRPORT_TZOFFSET":"-25200.0","ARR_DELAY":"-7.0","ARR_TIME":"2015-03-10 14:23:00","CANCELLED":"false","CRS_ARR_TIME":"2015-03-10 14:30:00","CRS_DEP_TIME":"2015-03-10 13:25:00","DEP_AIRPORT_LAT":"43.56444444","DEP_AIRPORT_LON":"-116.22277778","DEP_AIRPORT_TZOFFSET":"-21600.0","DEP_DELAY":"-3.0","DEP_TIME":"2015-03-10 13:22:00","DEST":"GEG","DEST_AIRPORT_SEQ_ID":"1188402","DISTANCE":"287.0","DIVERTED":"false","FL_DATE":"2015-03-10","ORIGIN":"BOI","ORIGIN_AIRPORT_SEQ_ID":"1071302","TAXI_IN":"6.0","TAXI_OUT":"9.0","UNIQUE_CARRIER":"WN","WHEELS_OFF":"2015-03-10 13:31:00","WHEELS_ON":"2015-03-10 14:17:00"}
{"ARR_AIRPORT_LAT":"37.72277778","ARR_AIRPORT_LON":"-122.22138889","ARR_AIRPORT_TZOFFSET":"-25200.0","ARR_DELAY":"-16.0","ARR_TIME":"2015-03-10 15:09:00","CANCELLED":"false","CRS_ARR_TIME":"2015-03-10 15:25:00","CRS_DEP_TIME":"2015-03-10 14:05:00","DEP_AIRPORT_LAT":"33.81777778","DEP_AIRPORT_LON":"-118.15166667","DEP_AIRPORT_TZOFFSET":"-25200.0","DEP_DELAY":"-10.0","DEP_TIME":"2015-03-10 13:55:00","DEST":"OAK","DEST_AIRPORT_SEQ_ID":"1379603","DISTANCE":"353.0","DIVERTED":"false","FL_DATE":"2015-03-10","ORIGIN":"LGB","ORIGIN_AIRPORT_SEQ_ID":"1295402","TAXI_IN":"4.0","TAXI_OUT":"11.0","UNIQUE_CARRIER":"B6","WHEELS_OFF":"2015-03-10 14:06:00","WHEELS_ON":"2015-03-10 15:05:00"}
{"ARR_AIRPORT_LAT":"33.63666667","ARR_AIRPORT_LON":"-84.42777778","ARR_AIRPORT_TZOFFSET":"-14400.0","ARR_DELAY":"-12.0","ARR_TIME":"2015-03-10 12:30:00","CANCELLED":"false","CRS_ARR_TIME":"2015-03-10 12:42:00","CRS_DEP_TIME":"2015-03-10 11:20:00","DEP_AIRPORT_LAT":"30.49416667","DEP_AIRPORT_LON":"-81.68777778","DEP_AIRPORT_TZOFFSET":"-14400.0","DEP_DELAY":"2.0","DEP_TIME":"2015-03-10 11:22:00","DEST":"ATL","DEST_AIRPORT_SEQ_ID":"1039705","DISTANCE":"270.0","DIVERTED":"false","FL_DATE":"2015-03-10","ORIGIN":"JAX","ORIGIN_AIRPORT_SEQ_ID":"1245102","TAXI_IN":"12.0","TAXI_OUT":"10.0","UNIQUE_CARRIER":"DL","WHEELS_OFF":"2015-03-10 11:32:00","WHEELS_ON":"2015-03-10 12:18:00"}
{"ARR_AIRPORT_LAT":"33.63666667","ARR_AIRPORT_LON":"-84.42777778","ARR_AIRPORT_TZOFFSET":"-14400.0","ARR_DELAY":"0.0","ARR_TIME":"2015-03-10 12:50:00","CANCELLED":"false","CRS_ARR_TIME":"2015-03-10 12:50:00","CRS_DEP_TIME":"2015-03-10 11:00:00","DEP_AIRPORT_LAT":"26.68305556","DEP_AIRPORT_LON":"-80.09555556","DEP_AIRPORT_TZOFFSET":"-14400.0","DEP_DELAY":"-5.0","DEP_TIME":"2015-03-10 10:55:00","DEST":"ATL","DEST_AIRPORT_SEQ_ID":"1039705","DISTANCE":"545.0","DIVERTED":"false","FL_DATE":"2015-03-10","ORIGIN":"PBI","ORIGIN_AIRPORT_SEQ_ID":"1402702","TAXI_IN":"16.0","TAXI_OUT":"19.0","UNIQUE_CARRIER":"DL","WHEELS_OFF":"2015-03-10 11:14:00","WHEELS_ON":"2015-03-10 12:34:00"}
{"ARR_AIRPORT_LAT":"33.63666667","ARR_AIRPORT_LON":"-84.42777778","ARR_AIRPORT_TZOFFSET":"-14400.0","ARR_DELAY":"-16.0","ARR_TIME":"2015-03-10 12:07:00","CANCELLED":"false","CRS_ARR_TIME":"2015-03-10 12:23:00","CRS_DEP_TIME":"2015-03-10 11:00:00","DEP_AIRPORT_LAT":"33.67972222","DEP_AIRPORT_LON":"-78.92833333","DEP_AIRPORT_TZOFFSET":"-14400.0","DEP_DELAY":"-7.0","DEP_TIME":"2015-03-10 10:53:00","DEST":"ATL","DEST_AIRPORT_SEQ_ID":"1039705","DISTANCE":"317.0","DIVERTED":"false","FL_DATE":"2015-03-10","ORIGIN":"MYR","ORIGIN_AIRPORT_SEQ_ID":"1357702","TAXI_IN":"7.0","TAXI_OUT":"14.0","UNIQUE_CARRIER":"DL","WHEELS_OFF":"2015-03-10 11:07:00","WHEELS_ON":"2015-03-10 12:00:00"}
{"ARR_AIRPORT_LAT":"33.63666667","ARR_AIRPORT_LON":"-84.42777778","ARR_AIRPORT_TZOFFSET":"-14400.0","ARR_DELAY":"12.0","ARR_TIME":"2015-03-10 12:37:00","CANCELLED":"false","CRS_ARR_TIME":"2015-03-10 12:25:00","CRS_DEP_TIME":"2015-03-10 10:30:00","DEP_AIRPORT_LAT":"40.97833333","DEP_AIRPORT_LON":"-85.19527778","DEP_AIRPORT_TZOFFSET":"-14400.0","DEP_DELAY":"-7.0","DEP_TIME":"2015-03-10 10:23:00","DEST":"ATL","DEST_AIRPORT_SEQ_ID":"1039705","DISTANCE":"508.0","DIVERTED":"false","FL_DATE":"2015-03-10","ORIGIN":"FWA","ORIGIN_AIRPORT_SEQ_ID":"1182304","TAXI_IN":"27.0","TAXI_OUT":"21.0","UNIQUE_CARRIER":"OO","WHEELS_OFF":"2015-03-10 10:44:00","WHEELS_ON":"2015-03-10 12:10:00"}
{"ARR_AIRPORT_LAT":"33.63666667","ARR_AIRPORT_LON":"-84.42777778","ARR_AIRPORT_TZOFFSET":"-14400.0","ARR_DELAY":"-8.0","ARR_TIME":"2015-03-10 12:51:00","CANCELLED":"false","CRS_ARR_TIME":"2015-03-10 12:59:00","CRS_DEP_TIME":"2015-03-10 11:25:00","DEP_AIRPORT_LAT":"34.27111111","DEP_AIRPORT_LON":"-77.90277778","DEP_AIRPORT_TZOFFSET":"-14400.0","DEP_DELAY":"-6.0","DEP_TIME":"2015-03-10 11:19:00","DEST":"ATL","DEST_AIRPORT_SEQ_ID":"1039705","DISTANCE":"377.0","DIVERTED":"false","FL_DATE":"2015-03-10","ORIGIN":"ILM","ORIGIN_AIRPORT_SEQ_ID":"1232303","TAXI_IN":"13.0","TAXI_OUT":"12.0","UNIQUE_CARRIER":"DL","WHEELS_OFF":"2015-03-10 11:31:00","WHEELS_ON":"2015-03-10 12:38:00"}
{"ARR_AIRPORT_LAT":"33.63666667","ARR_AIRPORT_LON":"-84.42777778","ARR_AIRPORT_TZOFFSET":"-14400.0","ARR_DELAY":"6.0","ARR_TIME":"2015-03-10 13:50:00","CANCELLED":"false","CRS_ARR_TIME":"2015-03-10 13:44:00","CRS_DEP_TIME":"2015-03-10 12:10:00","DEP_AIRPORT_LAT":"34.72944444","DEP_AIRPORT_LON":"-92.22472222","DEP_AIRPORT_TZOFFSET":"-18000.0","DEP_DELAY":"-3.0","DEP_TIME":"2015-03-10 12:07:00","DEST":"ATL","DEST_AIRPORT_SEQ_ID":"1039705","DISTANCE":"453.0","DIVERTED":"false","FL_DATE":"2015-03-10","ORIGIN":"LIT","ORIGIN_AIRPORT_SEQ_ID":"1299204","TAXI_IN":"21.0","TAXI_OUT":"21.0","UNIQUE_CARRIER":"DL","WHEELS_OFF":"2015-03-10 12:28:00","WHEELS_ON":"2015-03-10 13:29:00"}
{"ARR_AIRPORT_LAT":"33.63666667","ARR_AIRPORT_LON":"-84.42777778","ARR_AIRPORT_TZOFFSET":"-14400.0","ARR_DELAY":"-9.0","ARR_TIME":"2015-03-10 12:41:00","CANCELLED":"false","CRS_ARR_TIME":"2015-03-10 12:50:00","CRS_DEP_TIME":"2015-03-10 11:00:00","DEP_AIRPORT_LAT":"37.24555556","DEP_AIRPORT_LON":"-93.38861111","DEP_AIRPORT_TZOFFSET":"-18000.0","DEP_DELAY":"-3.0","DEP_TIME":"2015-03-10 10:57:00","DEST":"ATL","DEST_AIRPORT_SEQ_ID":"1039705","DISTANCE":"563.0","DIVERTED":"false","FL_DATE":"2015-03-10","ORIGIN":"SGF","ORIGIN_AIRPORT_SEQ_ID":"1478302","TAXI_IN":"10.0","TAXI_OUT":"17.0","UNIQUE_CARRIER":"DL","WHEELS_OFF":"2015-03-10 11:14:00","WHEELS_ON":"2015-03-10 12:31:00"}
{"ARR_AIRPORT_LAT":"33.63666667","ARR_AIRPORT_LON":"-84.42777778","ARR_AIRPORT_TZOFFSET":"-14400.0","ARR_DELAY":"-18.0","ARR_TIME":"2015-03-10 13:09:00","CANCELLED":"false","CRS_ARR_TIME":"2015-03-10 13:27:00","CRS_DEP_TIME":"2015-03-10 12:05:00","DEP_AIRPORT_LAT":"35.0425","DEP_AIRPORT_LON":"-89.97666667","DEP_AIRPORT_TZOFFSET":"-18000.0","DEP_DELAY":"-3.0","DEP_TIME":"2015-03-10 12:02:00","DEST":"ATL","DEST_AIRPORT_SEQ_ID":"1039705","DISTANCE":"332.0","DIVERTED":"false","FL_DATE":"2015-03-10","ORIGIN":"MEM","ORIGIN_AIRPORT_SEQ_ID":"1324402","TAXI_IN":"5.0","TAXI_OUT":"14.0","UNIQUE_CARRIER":"DL","WHEELS_OFF":"2015-03-10 12:16:00","WHEELS_ON":"2015-03-10 13:04:00"}
{"ARR_AIRPORT_LAT":"33.63666667","ARR_AIRPORT_LON":"-84.42777778","ARR_AIRPORT_TZOFFSET":"-14400.0","ARR_DELAY":"-8.0","ARR_TIME":"2015-03-10 11:14:00","CANCELLED":"false","CRS_ARR_TIME":"2015-03-10 11:22:00","CRS_DEP_TIME":"2015-03-10 10:00:00","DEP_AIRPORT_LAT":"36.10138889","DEP_AIRPORT_LON":"-79.94111111","DEP_AIRPORT_TZOFFSET":"-14400.0","DEP_DELAY":"0.0","DEP_TIME":"2015-03-10 10:00:00","DEST":"ATL","DEST_AIRPORT_SEQ_ID":"1039705","DISTANCE":"306.0","DIVERTED":"false","FL_DATE":"2015-03-10","ORIGIN":"GSO","ORIGIN_AIRPORT_SEQ_ID":"1199502","TAXI_IN":"6.0","TAXI_OUT":"14.0","UNIQUE_CARRIER":"DL","WHEELS_OFF":"2015-03-10 10:14:00","WHEELS_ON":"2015-03-10 11:08:00"}
{"ARR_AIRPORT_LAT":"33.63666667","ARR_AIRPORT_LON":"-84.42777778","ARR_AIRPORT_TZOFFSET":"-14400.0","ARR_DELAY":"-7.0","ARR_TIME":"2015-03-10 12:03:00","CANCELLED":"false","CRS_ARR_TIME":"2015-03-10 12:10:00","CRS_DEP_TIME":"2015-03-10 10:15:00","DEP_AIRPORT_LAT":"40.915","DEP_AIRPORT_LON":"-81.44361111","DEP_AIRPORT_TZOFFSET":"-14400.0","DEP_DELAY":"9.0","DEP_TIME":"2015-03-10 10:24:00","DEST":"ATL","DEST_AIRPORT_SEQ_ID":"1039705","DISTANCE":"528.0","DIVERTED":"false","FL_DATE":"2015-03-10","ORIGIN":"CAK","ORIGIN_AIRPORT_SEQ_ID":"1087402","TAXI_IN":"6.0","TAXI_OUT":"12.0","UNIQUE_CARRIER":"DL","WHEELS_OFF":"2015-03-10 10:36:00","WHEELS_ON":"2015-03-10 11:57:00"}
{"ARR_AIRPORT_LAT":"33.63666667","ARR_AIRPORT_LON":"-84.42777778","ARR_AIRPORT_TZOFFSET":"-14400.0","ARR_DELAY":"-18.0","ARR_TIME":"2015-03-10 15:22:00","CANCELLED":"false","CRS_ARR_TIME":"2015-03-10 15:40:00","CRS_DEP_TIME":"2015-03-10 13:45:00","DEP_AIRPORT_LAT":"26.0725","DEP_AIRPORT_LON":"-80.15277778","DEP_AIRPORT_TZOFFSET":"-14400.0","DEP_DELAY":"-2.0","DEP_TIME":"2015-03-10 13:43:00","DEST":"ATL","DEST_AIRPORT_SEQ_ID":"1039705","DISTANCE":"581.0","DIVERTED":"false","FL_DATE":"2015-03-10","ORIGIN":"FLL","ORIGIN_AIRPORT_SEQ_ID":"1169703","TAXI_IN":"7.0","TAXI_OUT":"12.0","UNIQUE_CARRIER":"DL","WHEELS_OFF":"2015-03-10 13:55:00","WHEELS_ON":"2015-03-10 15:15:00"}
{"ARR_AIRPORT_LAT":"33.63666667","ARR_AIRPORT_LON":"-84.42777778","ARR_AIRPORT_TZOFFSET":"-14400.0","ARR_DELAY":"-6.0","ARR_TIME":"2015-03-10 13:39:00","CANCELLED":"false","CRS_ARR_TIME":"2015-03-10 13:45:00","CRS_DEP_TIME":"2015-03-10 11:50:00","DEP_AIRPORT_LAT":"35.39305556","DEP_AIRPORT_LON":"-97.60083333","DEP_AIRPORT_TZOFFSET":"-18000.0","DEP_DELAY":"-4.0","DEP_TIME":"2015-03-10 11:46:00","DEST":"ATL","DEST_AIRPORT_SEQ_ID":"1039705","DISTANCE":"761.0","DIVERTED":"false","FL_DATE":"2015-03-10","ORIGIN":"OKC","ORIGIN_AIRPORT_SEQ_ID":"1385103","TAXI_IN":"6.0","TAXI_OUT":"14.0","UNIQUE_CARRIER":"WN","WHEELS_OFF":"2015-03-10 12:00:00","WHEELS_ON":"2015-03-10 13:33:00"}
{"ARR_AIRPORT_LAT":"33.63666667","ARR_AIRPORT_LON":"-84.42777778","ARR_AIRPORT_TZOFFSET":"-14400.0","ARR_DELAY":"-12.0","ARR_TIME":"2015-03-10 15:10:00","CANCELLED":"false","CRS_ARR_TIME":"2015-03-10 15:22:00","CRS_DEP_TIME":"2015-03-10 13:30:00","DEP_AIRPORT_LAT":"26.68305556","DEP_AIRPORT_LON":"-80.09555556","DEP_AIRPORT_TZOFFSET":"-14400.0","DEP_DELAY":"-5.0","DEP_TIME":"2015-03-10 13:25:00","DEST":"ATL","DEST_AIRPORT_SEQ_ID":"1039705","DISTANCE":"545.0","DIVERTED":"false","FL_DATE":"2015-03-10","ORIGIN":"PBI","ORIGIN_AIRPORT_SEQ_ID":"1402702","TAXI_IN":"8.0","TAXI_OUT":"15.0","UNIQUE_CARRIER":"DL","WHEELS_OFF":"2015-03-10 13:40:00","WHEELS_ON":"2015-03-10 15:02:00"}
{"ARR_AIRPORT_LAT":"33.63666667","ARR_AIRPORT_LON":"-84.42777778","ARR_AIRPORT_TZOFFSET":"-14400.0","ARR_DELAY":"-18.0","ARR_TIME":"2015-03-10 13:26:00","CANCELLED":"false","CRS_ARR_TIME":"2015-03-10 13:44:00","CRS_DEP_TIME":"2015-03-10 12:30:00","DEP_AIRPORT_LAT":"35.81083333","DEP_AIRPORT_LON":"-83.99416667","DEP_AIRPORT_TZOFFSET":"-14400.0","DEP_DELAY":"-7.0","DEP_TIME":"2015-03-10 12:23:00","DEST":"ATL","DEST_AIRPORT_SEQ_ID":"1039705","DISTANCE":"152.0","DIVERTED":"false","FL_DATE":"2015-03-10","ORIGIN":"TYS","ORIGIN_AIRPORT_SEQ_ID":"1541202","TAXI_IN":"9.0","TAXI_OUT":"18.0","UNIQUE_CARRIER":"DL","WHEELS_OFF":"2015-03-10 12:41:00","WHEELS_ON":"2015-03-10 13:17:00"}
{"ARR_AIRPORT_LAT":"33.63666667","ARR_AIRPORT_LON":"-84.42777778","ARR_AIRPORT_TZOFFSET":"-14400.0","ARR_DELAY":"-2.0","ARR_TIME":"2015-03-10 11:26:00","CANCELLED":"false","CRS_ARR_TIME":"2015-03-10 11:28:00","CRS_DEP_TIME":"2015-03-10 10:20:00","DEP_AIRPORT_LAT":"30.48333333","DEP_AIRPORT_LON":"-86.52527778","DEP_AIRPORT_TZOFFSET":"-18000.0","DEP_DELAY":"-4.0","DEP_TIME":"2015-03-10 10:16:00","DEST":"ATL","DEST_AIRPORT_SEQ_ID":"1039705","DISTANCE":"250.0","DIVERTED":"false","FL_DATE":"2015-03-10","ORIGIN":"VPS","ORIGIN_AIRPORT_SEQ_ID":"1562401","TAXI_IN":"7.0","TAXI_OUT":"24.0","UNIQUE_CARRIER":"DL","WHEELS_OFF":"2015-03-10 10:40:00","WHEELS_ON":"2015-03-10 11:19:00"}
{"ARR_AIRPORT_LAT":"33.63666667","ARR_AIRPORT_LON":"-84.42777778","ARR_AIRPORT_TZOFFSET":"-14400.0","ARR_DELAY":"-5.0","ARR_TIME":"2015-03-10 11:51:00","CANCELLED":"false","CRS_ARR_TIME":"2015-03-10 11:56:00","CRS_DEP_TIME":"2015-03-10 10:30:00","DEP_AIRPORT_LAT":"30.53277778","DEP_AIRPORT_LON":"-91.15","DEP_AIRPORT_TZOFFSET":"-18000.0","DEP_DELAY":"2.0","DEP_TIME":"2015-03-10 10:32:00","DEST":"ATL","DEST_AIRPORT_SEQ_ID":"1039705","DISTANCE":"448.0","DIVERTED":"false","FL_DATE":"2015-03-10","ORIGIN":"BTR","ORIGIN_AIRPORT_SEQ_ID":"1078102","TAXI_IN":"7.0","TAXI_OUT":"11.0","UNIQUE_CARRIER":"EV","WHEELS_OFF":"2015-03-10 10:43:00","WHEELS_ON":"2015-03-10 11:44:00"}
{"ARR_AIRPORT_LAT":"33.63666667","ARR_AIRPORT_LON":"-84.42777778","ARR_AIRPORT_TZOFFSET":"-14400.0","ARR_DELAY":"-16.0","ARR_TIME":"2015-03-10 14:09:00","CANCELLED":"false","CRS_ARR_TIME":"2015-03-10 14:25:00","CRS_DEP_TIME":"2015-03-10 13:05:00","DEP_AIRPORT_LAT":"35.0425","DEP_AIRPORT_LON":"-89.97666667","DEP_AIRPORT_TZOFFSET":"-18000.0","DEP_DELAY":"-4.0","DEP_TIME":"2015-03-10 13:01:00","DEST":"ATL","DEST_AIRPORT_SEQ_ID":"1039705","DISTANCE":"332.0","DIVERTED":"false","FL_DATE":"2015-03-10","ORIGIN":"MEM","ORIGIN_AIRPORT_SEQ_ID":"1324402","TAXI_IN":"10.0","TAXI_OUT":"11.0","UNIQUE_CARRIER":"DL","WHEELS_OFF":"2015-03-10 13:12:00","WHEELS_ON":"2015-03-10 13:59:00"}
{"ARR_AIRPORT_LAT":"33.63666667","ARR_AIRPORT_LON":"-84.42777778","ARR_AIRPORT_TZOFFSET":"-14400.0","ARR_DELAY":"-6.0","ARR_TIME":"2015-03-10 12:59:00","CANCELLED":"false","CRS_ARR_TIME":"2015-03-10 13:05:00","CRS_DEP_TIME":"2015-03-10 11:00:00","DEP_AIRPORT_LAT":"43.14","DEP_AIRPORT_LON":"-89.3375","DEP_AIRPORT_TZOFFSET":"-18000.0","DEP_DELAY":"-4.0","DEP_TIME":"2015-03-10 10:56:00","DEST":"ATL","DEST_AIRPORT_SEQ_ID":"1039705","DISTANCE":"707.0","DIVERTED":"false","FL_DATE":"2015-03-10","ORIGIN":"MSN","ORIGIN_AIRPORT_SEQ_ID":"1348502","TAXI_IN":"10.0","TAXI_OUT":"10.0","UNIQUE_CARRIER":"DL","WHEELS_OFF":"2015-03-10 11:06:00","WHEELS_ON":"2015-03-10 12:49:00"}
{"ARR_AIRPORT_LAT":"33.63666667","ARR_AIRPORT_LON":"-84.42777778","ARR_AIRPORT_TZOFFSET":"-14400.0","ARR_DELAY":"-15.0","ARR_TIME":"2015-03-10 12:42:00","CANCELLED":"false","CRS_ARR_TIME":"2015-03-10 12:57:00","CRS_DEP_TIME":"2015-03-10 11:00:00","DEP_AIRPORT_LAT":"36.89472222","DEP_AIRPORT_LON":"-76.20111111","DEP_AIRPORT_TZOFFSET":"-14400.0","DEP_DELAY":"-6.0","DEP_TIME":"2015-03-10 10:54:00","DEST":"ATL","DEST_AIRPORT_SEQ_ID":"1039705","DISTANCE":"516.0","DIVERTED":"false","FL_DATE":"2015-03-10","ORIGIN":"ORF","ORIGIN_AIRPORT_SEQ_ID":"1393102","TAXI_IN":"14.0","TAXI_OUT":"8.0","UNIQUE_CARRIER":"DL","WHEELS_OFF":"2015-03-10 11:02:00","WHEELS_ON":"2015-03-10 12:28:00"}
{"ARR_AIRPORT_LAT":"33.63666667","ARR_AIRPORT_LON":"-84.42777778","ARR_AIRPORT_TZOFFSET":"-14400.0","ARR_DELAY":"-12.0","ARR_TIME":"2015-03-10 13:17:00","CANCELLED":"false","CRS_ARR_TIME":"2015-03-10 13:29:00","CRS_DEP_TIME":"2015-03-10 12:15:00","DEP_AIRPORT_LAT":"30.47333333","DEP_AIRPORT_LON":"-87.18666667","DEP_AIRPORT_TZOFFSET":"-18000.0","DEP_DELAY":"-8.0","DEP_TIME":"2015-03-10 12:07:00","DEST":"ATL","DEST_AIRPORT_SEQ_ID":"1039705","DISTANCE":"271.0","DIVERTED":"false","FL_DATE":"2015-03-10","ORIGIN":"PNS","ORIGIN_AIRPORT_SEQ_ID":"1419304","TAXI_IN":"11.0","TAXI_OUT":"19.0","UNIQUE_CARRIER":"DL","WHEELS_OFF":"2015-03-10 12:26:00","WHEELS_ON":"2015-03-10 13:06:00"}
{"ARR_AIRPORT_LAT":"33.63666667","ARR_AIRPORT_LON":"-84.42777778","ARR_AIRPORT_TZOFFSET":"-14400.0","ARR_DELAY":"-16.0","ARR_TIME":"2015-03-10 12:14:00","CANCELLED":"false","CRS_ARR_TIME":"2015-03-10 12:30:00","CRS_DEP_TIME":"2015-03-10 10:25:00","DEP_AIRPORT_LAT":"40.19305556","DEP_AIRPORT_LON":"-76.7625","DEP_AIRPORT_TZOFFSET":"-14400.0","DEP_DELAY":"-7.0","DEP_TIME":"2015-03-10 10:18:00","DEST":"ATL","DEST_AIRPORT_SEQ_ID":"1039705","DISTANCE":"620.0","DIVERTED":"false","FL_DATE":"2015-03-10","ORIGIN":"MDT","ORIGIN_AIRPORT_SEQ_ID":"1323002","TAXI_IN":"7.0","TAXI_OUT":"10.0","UNIQUE_CARRIER":"DL","WHEELS_OFF":"2015-03-10 10:28:00","WHEELS_ON":"2015-03-10 12:07:00"}
{"ARR_AIRPORT_LAT":"33.63666667","ARR_AIRPORT_LON":"-84.42777778","ARR_AIRPORT_TZOFFSET":"-14400.0","ARR_DELAY":"-13.0","ARR_TIME":"2015-03-10 13:37:00","CANCELLED":"false","CRS_ARR_TIME":"2015-03-10 13:50:00","CRS_DEP_TIME":"2015-03-10 12:30:00","DEP_AIRPORT_LAT":"30.49416667","DEP_AIRPORT_LON":"-81.68777778","DEP_AIRPORT_TZOFFSET":"-14400.0","DEP_DELAY":"-3.0","DEP_TIME":"2015-03-10 12:27:00","DEST":"ATL","DEST_AIRPORT_SEQ_ID":"1039705","DISTANCE":"270.0","DIVERTED":"false","FL_DATE":"2015-03-10","ORIGIN":"JAX","ORIGIN_AIRPORT_SEQ_ID":"1245102","TAXI_IN":"10.0","TAXI_OUT":"16.0","UNIQUE_CARRIER":"DL","WHEELS_OFF":"2015-03-10 12:43:00","WHEELS_ON":"2015-03-10 13:27:00"}
{"ARR_AIRPORT_LAT":"33.63666667","ARR_AIRPORT_LON":"-84.42777778","ARR_AIRPORT_TZOFFSET":"-14400.0","ARR_DELAY":"-7.0","ARR_TIME":"2015-03-10 14:25:00","CANCELLED":"false","CRS_ARR_TIME":"2015-03-10 14:32:00","CRS_DEP_TIME":"2015-03-10 13:04:00","DEP_AIRPORT_LAT":"38.03666667","DEP_AIRPORT_LON":"-84.60861111","DEP_AIRPORT_TZOFFSET":"-14400.0","DEP_DELAY":"-5.0","DEP_TIME":"2015-03-10 12:59:00","DEST":"ATL","DEST_AIRPORT_SEQ_ID":"1039705","DISTANCE":"304.0","DIVERTED":"false","FL_DATE":"2015-03-10","ORIGIN":"LEX","ORIGIN_AIRPORT_SEQ_ID":"1294503","TAXI_IN":"9.0","TAXI_OUT":"15.0","UNIQUE_CARRIER":"EV","WHEELS_OFF":"2015-03-10 13:14:00","WHEELS_ON":"2015-03-10 14:16:00"}
{"ARR_AIRPORT_LAT":"33.63666667","ARR_AIRPORT_LON":"-84.42777778","ARR_AIRPORT_TZOFFSET":"-14400.0","ARR_DELAY":"-7.0","ARR_TIME":"2015-03-10 12:21:00","CANCELLED":"false","CRS_ARR_TIME":"2015-03-10 12:28:00","CRS_DEP_TIME":"2015-03-10 11:00:00","DEP_AIRPORT_LAT":"38.37583333","DEP_AIRPORT_LON":"-81.59305556","DEP_AIRPORT_TZOFFSET":"-14400.0","DEP_DELAY":"-2.0","DEP_TIME":"2015-03-10 10:58:00","DEST":"ATL","DEST_AIRPORT_SEQ_ID":"1039705","DISTANCE":"363.0","DIVERTED":"false","FL_DATE":"2015-03-10","ORIGIN":"CRW","ORIGIN_AIRPORT_SEQ_ID":"1114604","TAXI_IN":"6.0","TAXI_OUT":"16.0","UNIQUE_CARRIER":"DL","WHEELS_OFF":"2015-03-10 11:14:00","WHEELS_ON":"2015-03-10 12:15:00"}
{"ARR_AIRPORT_LAT":"33.63666667","ARR_AIRPORT_LON":"-84.42777778","ARR_AIRPORT_TZOFFSET":"-14400.0","ARR_DELAY":"-12.0","ARR_TIME":"2015-03-10 11:18:00","CANCELLED":"false","CRS_ARR_TIME":"2015-03-10 11:30:00","CRS_DEP_TIME":"2015-03-10 10:35:00","DEP_AIRPORT_LAT":"33.56388889","DEP_AIRPORT_LON":"-86.75222222","DEP_AIRPORT_TZOFFSET":"-18000.0","DEP_DELAY":"-8.0","DEP_TIME":"2015-03-10 10:27:00","DEST":"ATL","DEST_AIRPORT_SEQ_ID":"1039705","DISTANCE":"134.0","DIVERTED":"false","FL_DATE":"2015-03-10","ORIGIN":"BHM","ORIGIN_AIRPORT_SEQ_ID":"1059904","TAXI_IN":"7.0","TAXI_OUT":"16.0","UNIQUE_CARRIER":"DL","WHEELS_OFF":"2015-03-10 10:43:00","WHEELS_ON":"2015-03-10 11:11:00"}
{"ARR_AIRPORT_LAT":"33.63666667","ARR_AIRPORT_LON":"-84.42777778","ARR_AIRPORT_TZOFFSET":"-14400.0","ARR_DELAY":"121.0","ARR_TIME":"2015-03-10 14:45:00","CANCELLED":"false","CRS_ARR_TIME":"2015-03-10 12:44:00","CRS_DEP_TIME":"2015-03-10 11:00:00","DEP_AIRPORT_LAT":"41.44833333","DEP_AIRPORT_LON":"-90.5075","DEP_AIRPORT_TZOFFSET":"-18000.0","DEP_DELAY":"54.0","DEP_TIME":"2015-03-10 11:54:00","DEST":"ATL","DEST_AIRPORT_SEQ_ID":"1039705","DISTANCE":"633.0","DIVERTED":"false","FL_DATE":"2015-03-10","ORIGIN":"MLI","ORIGIN_AIRPORT_SEQ_ID":"1336703","TAXI_IN":"6.0","TAXI_OUT":"59.0","UNIQUE_CARRIER":"EV","WHEELS_OFF":"2015-03-10 12:53:00","WHEELS_ON":"2015-03-10 14:39:00"}
{"ARR_AIRPORT_LAT":"33.63666667","ARR_AIRPORT_LON":"-84.42777778","ARR_AIRPORT_TZOFFSET":"-14400.0","ARR_DELAY":"-7.0","ARR_TIME":"2015-03-10 15:13:00","CANCELLED":"false","CRS_ARR_TIME":"2015-03-10 15:20:00","CRS_DEP_TIME":"2015-03-10 13:43:00","DEP_AIRPORT_LAT":"39.99694444","DEP_AIRPORT_LON":"-82.89222222","DEP_AIRPORT_TZOFFSET":"-14400.0","DEP_DELAY":"-6.0","DEP_TIME":"2015-03-10 13:37:00","DEST":"ATL","DEST_AIRPORT_SEQ_ID":"1039705","DISTANCE":"447.0","DIVERTED":"false","FL_DATE":"2015-03-10","ORIGIN":"CMH","ORIGIN_AIRPORT_SEQ_ID":"1106603","TAXI_IN":"12.0","TAXI_OUT":"11.0","UNIQUE_CARRIER":"DL","WHEELS_OFF":"2015-03-10 13:48:00","WHEELS_ON":"2015-03-10 15:01:00"}
{"ARR_AIRPORT_LAT":"33.63666667","ARR_AIRPORT_LON":"-84.42777778","ARR_AIRPORT_TZOFFSET":"-14400.0","ARR_DELAY":"-9.0","ARR_TIME":"2015-03-10 11:56:00","CANCELLED":"false","CRS_ARR_TIME":"2015-03-10 12:05:00","CRS_DEP_TIME":"2015-03-10 11:00:00","DEP_AIRPORT_LAT":"35.43611111","DEP_AIRPORT_LON":"-82.54194444","DEP_AIRPORT_TZOFFSET":"-14400.0","DEP_DELAY":"-6.0","DEP_TIME":"2015-03-10 10:54:00","DEST":"ATL","DEST_AIRPORT_SEQ_ID":"1039705","DISTANCE":"164.0","DIVERTED":"false","FL_DATE":"2015-03-10","ORIGIN":"AVL","ORIGIN_AIRPORT_SEQ_ID":"1043102","TAXI_IN":"8.0","TAXI_OUT":"16.0","UNIQUE_CARRIER":"DL","WHEELS_OFF":"2015-03-10 11:10:00","WHEELS_ON":"2015-03-10 11:48:00"}
{"ARR_AIRPORT_LAT":"33.63666667","ARR_AIRPORT_LON":"-84.42777778","ARR_AIRPORT_TZOFFSET":"-14400.0","ARR_DELAY":"-16.0","ARR_TIME":"2015-03-10 12:33:00","CANCELLED":"false","CRS_ARR_TIME":"2015-03-10 12:49:00","CRS_DEP_TIME":"2015-03-10 11:30:00","DEP_AIRPORT_LAT":"32.1275","DEP_AIRPORT_LON":"-81.20222222","DEP_AIRPORT_TZOFFSET":"-14400.0","DEP_DELAY":"0.0","DEP_TIME":"2015-03-10 11:30:00","DEST":"ATL","DEST_AIRPORT_SEQ_ID":"1039705","DISTANCE":"214.0","DIVERTED":"false","FL_DATE":"2015-03-10","ORIGIN":"SAV","ORIGIN_AIRPORT_SEQ_ID":"1468502","TAXI_IN":"13.0","TAXI_OUT":"9.0","UNIQUE_CARRIER":"DL","WHEELS_OFF":"2015-03-10 11:39:00","WHEELS_ON":"2015-03-10 12:20:00"}
{"ARR_AIRPORT_LAT":"33.63666667","ARR_AIRPORT_LON":"-84.42777778","ARR_AIRPORT_TZOFFSET":"-14400.0","ARR_DELAY":"-5.0","ARR_TIME":"2015-03-10 12:15:00","CANCELLED":"false","CRS_ARR_TIME":"2015-03-10 12:20:00","CRS_DEP_TIME":"2015-03-10 11:10:00","DEP_AIRPORT_LAT":"30.69138889","DEP_AIRPORT_LON":"-88.24277778","DEP_AIRPORT_TZOFFSET":"-18000.0","DEP_DELAY":"-2.0","DEP_TIME":"2015-03-10 11:08:00","DEST":"ATL","DEST_AIRPORT_SEQ_ID":"1039705","DISTANCE":"302.0","DIVERTED":"false","FL_DATE":"2015-03-10","ORIGIN":"MOB","ORIGIN_AIRPORT_SEQ_ID":"1342202","TAXI_IN":"14.0","TAXI_OUT":"11.0","UNIQUE_CARRIER":"DL","WHEELS_OFF":"2015-03-10 11:19:00","WHEELS_ON":"2015-03-10 12:01:00"}
{"ARR_AIRPORT_LAT":"33.63666667","ARR_AIRPORT_LON":"-84.42777778","ARR_AIRPORT_TZOFFSET":"-14400.0","ARR_DELAY":"10.0","ARR_TIME":"2015-03-10 14:07:00","CANCELLED":"false","CRS_ARR_TIME":"2015-03-10 13:57:00","CRS_DEP_TIME":"2015-03-10 12:30:00","DEP_AIRPORT_LAT":"30.53277778","DEP_AIRPORT_LON":"-91.15","DEP_AIRPORT_TZOFFSET":"-18000.0","DEP_DELAY":"26.0","DEP_TIME":"2015-03-10 12:56:00","DEST":"ATL","DEST_AIRPORT_SEQ_ID":"1039705","DISTANCE":"448.0","DIVERTED":"false","FL_DATE":"2015-03-10","ORIGIN":"BTR","ORIGIN_AIRPORT_SEQ_ID":"1078102","TAXI_IN":"4.0","TAXI_OUT":"9.0","UNIQUE_CARRIER":"EV","WHEELS_OFF":"2015-03-10 13:05:00","WHEELS_ON":"2015-03-10 14:03:00"}
{"ARR_AIRPORT_LAT":"33.63666667","ARR_AIRPORT_LON":"-84.42777778","ARR_AIRPORT_TZOFFSET":"-14400.0","ARR_DELAY":"-18.0","ARR_TIME":"2015-03-10 12:35:00","CANCELLED":"false","CRS_ARR_TIME":"2015-03-10 12:53:00","CRS_DEP_TIME":"2015-03-10 11:15:00","DEP_AIRPORT_LAT":"39.04888889","DEP_AIRPORT_LON":"-84.66777778","DEP_AIRPORT_TZOFFSET":"-14400.0","DEP_DELAY":"-4.0","DEP_TIME":"2015-03-10 11:11:00","DEST":"ATL","DEST_AIRPORT_SEQ_ID":"1039705","DISTANCE":"373.0","DIVERTED":"false","FL_DATE":"2015-03-10","ORIGIN":"CVG","ORIGIN_AIRPORT_SEQ_ID":"1119302","TAXI_IN":"7.0","TAXI_OUT":"10.0","UNIQUE_CARRIER":"DL","WHEELS_OFF":"2015-03-10 11:21:00","WHEELS_ON":"2015-03-10 12:28:00"}
{"ARR_AIRPORT_LAT":"33.63666667","ARR_AIRPORT_LON":"-84.42777778","ARR_AIRPORT_TZOFFSET":"-14400.0","ARR_DELAY":"-5.0","ARR_TIME":"2015-03-10 12:55:00","CANCELLED":"false","CRS_ARR_TIME":"2015-03-10 13:00:00","CRS_DEP_TIME":"2015-03-10 11:40:00","DEP_AIRPORT_LAT":"29.69","DEP_AIRPORT_LON":"-82.27166667","DEP_AIRPORT_TZOFFSET":"-14400.0","DEP_DELAY":"-4.0","DEP_TIME":"2015-03-10 11:36:00","DEST":"ATL","DEST_AIRPORT_SEQ_ID":"1039705","DISTANCE":"300.0","DIVERTED":"false","FL_DATE":"2015-03-10","ORIGIN":"GNV","ORIGIN_AIRPORT_SEQ_ID":"1195302","TAXI_IN":"11.0","TAXI_OUT":"14.0","UNIQUE_CARRIER":"DL","WHEELS_OFF":"2015-03-10 11:50:00","WHEELS_ON":"2015-03-10 12:44:00"}
{"ARR_AIRPORT_LAT":"33.63666667","ARR_AIRPORT_LON":"-84.42777778","ARR_AIRPORT_TZOFFSET":"-14400.0","ARR_DELAY":"-10.0","ARR_TIME":"2015-03-10 14:51:00","CANCELLED":"false","CRS_ARR_TIME":"2015-03-10 15:01:00","CRS_DEP_TIME":"2015-03-10 13:44:00","DEP_AIRPORT_LAT":"29.69","DEP_AIRPORT_LON":"-82.27166667","DEP_AIRPORT_TZOFFSET":"-14400.0","DEP_DELAY":"-4.0","DEP_TIME":"2015-03-10 13:40:00","DEST":"ATL","DEST_AIRPORT_SEQ_ID":"1039705","DISTANCE":"300.0","DIVERTED":"false","FL_DATE":"2015-03-10","ORIGIN":"GNV","ORIGIN_AIRPORT_SEQ_ID":"1195302","TAXI_IN":"5.0","TAXI_OUT":"13.0","UNIQUE_CARRIER":"EV","WHEELS_OFF":"2015-03-10 13:53:00","WHEELS_ON":"2015-03-10 14:46:00"}
{"ARR_AIRPORT_LAT":"33.63666667","ARR_AIRPORT_LON":"-84.42777778","ARR_AIRPORT_TZOFFSET":"-14400.0","ARR_DELAY":"9.0","ARR_TIME":"2015-03-10 15:33:00","CANCELLED":"false","CRS_ARR_TIME":"2015-03-10 15:24:00","CRS_DEP_TIME":"2015-03-10 13:40:00","DEP_AIRPORT_LAT":"40.49138889","DEP_AIRPORT_LON":"-80.23277778","DEP_AIRPORT_TZOFFSET":"-14400.0","DEP_DELAY":"10.0","DEP_TIME":"2015-03-10 13:50:00","DEST":"ATL","DEST_AIRPORT_SEQ_ID":"1039705","DISTANCE":"526.0","DIVERTED":"false","FL_DATE":"2015-03-10","ORIGIN":"PIT","ORIGIN_AIRPORT_SEQ_ID":"1412202","TAXI_IN":"8.0","TAXI_OUT":"11.0","UNIQUE_CARRIER":"DL","WHEELS_OFF":"2015-03-10 14:01:00","WHEELS_ON":"2015-03-10 15:25:00"}
{"ARR_AIRPORT_LAT":"33.63666667","ARR_AIRPORT_LON":"-84.42777778","ARR_AIRPORT_TZOFFSET":"-14400.0","ARR_DELAY":"-12.0","ARR_TIME":"2015-03-10 14:48:00","CANCELLED":"false","CRS_ARR_TIME":"2015-03-10 15:00:00","CRS_DEP_TIME":"2015-03-10 13:30:00","DEP_AIRPORT_LAT":"39.04888889","DEP_AIRPORT_LON":"-84.66777778","DEP_AIRPORT_TZOFFSET":"-14400.0","DEP_DELAY":"-2.0","DEP_TIME":"2015-03-10 13:28:00","DEST":"ATL","DEST_AIRPORT_SEQ_ID":"1039705","DISTANCE":"373.0","DIVERTED":"false","FL_DATE":"2015-03-10","ORIGIN":"CVG","ORIGIN_AIRPORT_SEQ_ID":"1119302","TAXI_IN":"7.0","TAXI_OUT":"9.0","UNIQUE_CARRIER":"DL","WHEELS_OFF":"2015-03-10 13:37:00","WHEELS_ON":"2015-03-10 14:41:00"}
{"ARR_AIRPORT_LAT":"33.63666667","ARR_AIRPORT_LON":"-84.42777778","ARR_AIRPORT_TZOFFSET":"-14400.0","ARR_DELAY":"69.0","ARR_TIME":"2015-03-10 14:14:00","CANCELLED":"false","CRS_ARR_TIME":"2015-03-10 13:05:00","CRS_DEP_TIME":"2015-03-10 11:00:00","DEP_AIRPORT_LAT":"41.88472222","DEP_AIRPORT_LON":"-91.71083333","DEP_AIRPORT_TZOFFSET":"-18000.0","DEP_DELAY":"-5.0","DEP_TIME":"2015-03-10 10:55:00","DEST":"ATL","DEST_AIRPORT_SEQ_ID":"1039705","DISTANCE":"694.0","DIVERTED":"false","FL_DATE":"2015-03-10","ORIGIN":"CID","ORIGIN_AIRPORT_SEQ_ID":"1100303","TAXI_IN":"24.0","TAXI_OUT":"82.0","UNIQUE_CARRIER":"EV","WHEELS_OFF":"2015-03-10 12:17:00","WHEELS_ON":"2015-03-10 13:50:00"}
{"ARR_AIRPORT_LAT":"33.63666667","ARR_AIRPORT_LON":"-84.42777778","ARR_AIRPORT_TZOFFSET":"-14400.0","ARR_DELAY":"96.0","ARR_TIME":"2015-03-10 13:11:00","CANCELLED":"false","CRS_ARR_TIME":"2015-03-11 11:35:00","CRS_DEP_TIME":"2015-03-10 10:10:00","DEP_AIRPORT_LAT":"38.03666667","DEP_AIRPORT_LON":"-84.60861111","DEP_AIRPORT_TZOFFSET":"-14400.0","DEP_DELAY":"101.0","DEP_TIME":"2015-03-10 11:51:00","DEST":"ATL","DEST_AIRPORT_SEQ_ID":"1039705","DISTANCE":"304.0","DIVERTED":"false","FL_DATE":"2015-03-10","ORIGIN":"LEX","ORIGIN_AIRPORT_SEQ_ID":"1294503","TAXI_IN":"10.0","TAXI_OUT":"10.0","UNIQUE_CARRIER":"DL","WHEELS_OFF":"2015-03-10 12:01:00","WHEELS_ON":"2015-03-10 13:01:00"}
{"ARR_AIRPORT_LAT":"33.63666667","ARR_AIRPORT_LON":"-84.42777778","ARR_AIRPORT_TZOFFSET":"-14400.0","ARR_DELAY":"-5.0","ARR_TIME":"2015-03-10 13:43:00","CANCELLED":"false","CRS_ARR_TIME":"2015-03-10 13:48:00","CRS_DEP_TIME":"2015-03-10 11:00:00","DEP_AIRPORT_LAT":"41.72388889","DEP_AIRPORT_LON":"-71.42833333","DEP_AIRPORT_TZOFFSET":"-14400.0","DEP_DELAY":"-2.0","DEP_TIME":"2015-03-10 10:58:00","DEST":"ATL","DEST_AIRPORT_SEQ_ID":"1039705","DISTANCE":"903.0","DIVERTED":"false","FL_DATE":"2015-03-10","ORIGIN":"PVD","ORIGIN_AIRPORT_SEQ_ID":"1430702","TAXI_IN":"12.0","TAXI_OUT":"11.0","UNIQUE_CARRIER":"DL","WHEELS_OFF":"2015-03-10 11:09:00","WHEELS_ON":"2015-03-10 13:31:00"}
{"ARR_AIRPORT_LAT":"33.63666667","ARR_AIRPORT_LON":"-84.42777778","ARR_AIRPORT_TZOFFSET":"-14400.0","ARR_DELAY":"-13.0","ARR_TIME":"2015-03-10 13:53:00","CANCELLED":"false","CRS_ARR_TIME":"2015-03-10 14:06:00","CRS_DEP_TIME":"2015-03-10 12:00:00","DEP_AIRPORT_LAT":"41.70833333","DEP_AIRPORT_LON":"-86.31722222","DEP_AIRPORT_TZOFFSET":"-14400.0","DEP_DELAY":"-7.0","DEP_TIME":"2015-03-10 11:53:00","DEST":"ATL","DEST_AIRPORT_SEQ_ID":"1039705","DISTANCE":"566.0","DIVERTED":"false","FL_DATE":"2015-03-10","ORIGIN":"SBN","ORIGIN_AIRPORT_SEQ_ID":"1469606","TAXI_IN":"9.0","TAXI_OUT":"20.0","UNIQUE_CARRIER":"OO","WHEELS_OFF":"2015-03-10 12:13:00","WHEELS_ON":"2015-03-10 13:44:00"}
{"ARR_AIRPORT_LAT":"33.63666667","ARR_AIRPORT_LON":"-84.42777778","ARR_AIRPORT_TZOFFSET":"-14400.0","ARR_DELAY":"-7.0","ARR_TIME":"2015-03-10 13:29:00","CANCELLED":"false","CRS_ARR_TIME":"2015-03-10 13:36:00","CRS_DEP_TIME":"2015-03-10 12:30:00","DEP_AIRPORT_LAT":"34.89555556","DEP_AIRPORT_LON":"-82.21888889","DEP_AIRPORT_TZOFFSET":"-14400.0","DEP_DELAY":"-3.0","DEP_TIME":"2015-03-10 12:27:00","DEST":"ATL","DEST_AIRPORT_SEQ_ID":"1039705","DISTANCE":"153.0","DIVERTED":"false","FL_DATE":"2015-03-10","ORIGIN":"GSP","ORIGIN_AIRPORT_SEQ_ID":"1199603","TAXI_IN":"10.0","TAXI_OUT":"19.0","UNIQUE_CARRIER":"DL","WHEELS_OFF":"2015-03-10 12:46:00","WHEELS_ON":"2015-03-10 13:19:00"}
{"ARR_AIRPORT_LAT":"33.63666667","ARR_AIRPORT_LON":"-84.42777778","ARR_AIRPORT_TZOFFSET":"-14400.0","ARR_DELAY":"-21.0","ARR_TIME":"2015-03-10 12:03:00","CANCELLED":"false","CRS_ARR_TIME":"2015-03-10 12:24:00","CRS_DEP_TIME":"2015-03-10 10:45:00","DEP_AIRPORT_LAT":"31.3275","DEP_AIRPORT_LON":"-92.54861111","DEP_AIRPORT_TZOFFSET":"-18000.0","DEP_DELAY":"-7.0","DEP_TIME":"2015-03-10 10:38:00","DEST":"ATL","DEST_AIRPORT_SEQ_ID":"1039705","DISTANCE":"500.0","DIVERTED":"false","FL_DATE":"2015-03-10","ORIGIN":"AEX","ORIGIN_AIRPORT_SEQ_ID":"1018502","TAXI_IN":"5.0","TAXI_OUT":"13.0","UNIQUE_CARRIER":"EV","WHEELS_OFF":"2015-03-10 10:51:00","WHEELS_ON":"2015-03-10 11:58:00"}
{"ARR_AIRPORT_LAT":"33.63666667","ARR_AIRPORT_LON":"-84.42777778","ARR_AIRPORT_TZOFFSET":"-14400.0","ARR_DELAY":"-5.0","ARR_TIME":"2015-03-10 15:20:00","CANCELLED":"false","CRS_ARR_TIME":"2015-03-10 15:25:00","CRS_DEP_TIME":"2015-03-10 13:59:00","DEP_AIRPORT_LAT":"34.99111111","DEP_AIRPORT_LON":"-78.88027778","DEP_AIRPORT_TZOFFSET":"-14400.0","DEP_DELAY":"0.0","DEP_TIME":"2015-03-10 13:59:00","DEST":"ATL","DEST_AIRPORT_SEQ_ID":"1039705","DISTANCE":"331.0","DIVERTED":"false","FL_DATE":"2015-03-10","ORIGIN":"FAY","ORIGIN_AIRPORT_SEQ_ID":"1164102","TAXI_IN":"7.0","TAXI_OUT":"12.0","UNIQUE_CARRIER":"EV","WHEELS_OFF":"2015-03-10 14:11:00","WHEELS_ON":"2015-03-10 15:13:00"}
{"ARR_AIRPORT_LAT":"33.63666667","ARR_AIRPORT_LON":"-84.42777778","ARR_AIRPORT_TZOFFSET":"-14400.0","ARR_DELAY":"-18.0","ARR_TIME":"2015-03-10 12:44:00","CANCELLED":"false","CRS_ARR_TIME":"2015-03-10 13:02:00","CRS_DEP_TIME":"2015-03-10 10:40:00","DEP_AIRPORT_LAT":"41.30305556","DEP_AIRPORT_LON":"-95.89416667","DEP_AIRPORT_TZOFFSET":"-18000.0","DEP_DELAY":"-2.0","DEP_TIME":"2015-03-10 10:38:00","DEST":"ATL","DEST_AIRPORT_SEQ_ID":"1039705","DISTANCE":"821.0","DIVERTED":"false","FL_DATE":"2015-03-10","ORIGIN":"OMA","ORIGIN_AIRPORT_SEQ_ID":"1387102","TAXI_IN":"9.0","TAXI_OUT":"11.0","UNIQUE_CARRIER":"DL","WHEELS_OFF":"2015-03-10 10:49:00","WHEELS_ON":"2015-03-10 12:35:00"}
{"ARR_AIRPORT_LAT":"33.63666667","ARR_AIRPORT_LON":"-84.42777778","ARR_AIRPORT_TZOFFSET":"-14400.0","ARR_DELAY":"12.0","ARR_TIME":"2015-03-10 13:06:00","CANCELLED":"false","CRS_ARR_TIME":"2015-03-10 12:54:00","CRS_DEP_TIME":"2015-03-10 11:45:00","DEP_AIRPORT_LAT":"33.56388889","DEP_AIRPORT_LON":"-86.75222222","DEP_AIRPORT_TZOFFSET":"-18000.0","DEP_DELAY":"1.0","DEP_TIME":"2015-03-10 11:46:00","DEST":"ATL","DEST_AIRPORT_SEQ_ID":"1039705","DISTANCE":"134.0","DIVERTED":"false","FL_DATE":"2015-03-10","ORIGIN":"BHM","ORIGIN_AIRPORT_SEQ_ID":"1059904","TAXI_IN":"12.0","TAXI_OUT":"41.0","UNIQUE_CARRIER":"DL","WHEELS_OFF":"2015-03-10 12:27:00","WHEELS_ON":"2015-03-10 12:54:00"}
{"ARR_AIRPORT_LAT":"33.63666667","ARR_AIRPORT_LON":"-84.42777778","ARR_AIRPORT_TZOFFSET":"-14400.0","ARR_DELAY":"-16.0","ARR_TIME":"2015-03-10 12:46:00","CANCELLED":"false","CRS_ARR_TIME":"2015-03-10 13:02:00","CRS_DEP_TIME":"2015-03-10 11:05:00","DEP_AIRPORT_LAT":"37.50527778","DEP_AIRPORT_LON":"-77.31972222","DEP_AIRPORT_TZOFFSET":"-14400.0","DEP_DELAY":"2.0","DEP_TIME":"2015-03-10 11:07:00","DEST":"ATL","DEST_AIRPORT_SEQ_ID":"1039705","DISTANCE":"481.0","DIVERTED":"false","FL_DATE":"2015-03-10","ORIGIN":"RIC","ORIGIN_AIRPORT_SEQ_ID":"1452401","TAXI_IN":"9.0","TAXI_OUT":"13.0","UNIQUE_CARRIER":"DL","WHEELS_OFF":"2015-03-10 11:20:00","WHEELS_ON":"2015-03-10 12:37:00"}
{"ARR_AIRPORT_LAT":"33.63666667","ARR_AIRPORT_LON":"-84.42777778","ARR_AIRPORT_TZOFFSET":"-14400.0","ARR_DELAY":"1.0","ARR_TIME":"2015-03-10 14:12:00","CANCELLED":"false","CRS_ARR_TIME":"2015-03-10 14:11:00","CRS_DEP_TIME":"2015-03-10 12:15:00","DEP_AIRPORT_LAT":"36.89472222","DEP_AIRPORT_LON":"-76.20111111","DEP_AIRPORT_TZOFFSET":"-14400.0","DEP_DELAY":"-5.0","DEP_TIME":"2015-03-10 12:10:00","DEST":"ATL","DEST_AIRPORT_SEQ_ID":"1039705","DISTANCE":"516.0","DIVERTED":"false","FL_DATE":"2015-03-10","ORIGIN":"ORF","ORIGIN_AIRPORT_SEQ_ID":"1393102","TAXI_IN":"18.0","TAXI_OUT":"16.0","UNIQUE_CARRIER":"DL","WHEELS_OFF":"2015-03-10 12:26:00","WHEELS_ON":"2015-03-10 13:54:00"}
{"ARR_AIRPORT_LAT":"33.63666667","ARR_AIRPORT_LON":"-84.42777778","ARR_AIRPORT_TZOFFSET":"-14400.0","ARR_DELAY":"4.0","ARR_TIME":"2015-03-10 12:32:00","CANCELLED":"false","CRS_ARR_TIME":"2015-03-10 12:28:00","CRS_DEP_TIME":"2015-03-10 10:20:00","DEP_AIRPORT_LAT":"42.88083333","DEP_AIRPORT_LON":"-85.52277778","DEP_AIRPORT_TZOFFSET":"-14400.0","DEP_DELAY":"-8.0","DEP_TIME":"2015-03-10 10:12:00","DEST":"ATL","DEST_AIRPORT_SEQ_ID":"1039705","DISTANCE":"640.0","DIVERTED":"false","FL_DATE":"2015-03-10","ORIGIN":"GRR","ORIGIN_AIRPORT_SEQ_ID":"1198603","TAXI_IN":"24.0","TAXI_OUT":"18.0","UNIQUE_CARRIER":"DL","WHEELS_OFF":"2015-03-10 10:30:00","WHEELS_ON":"2015-03-10 12:08:00"}
{"ARR_AIRPORT_LAT":"33.63666667","ARR_AIRPORT_LON":"-84.42777778","ARR_AIRPORT_TZOFFSET":"-14400.0","ARR_DELAY":"-22.0","ARR_TIME":"2015-03-10 13:23:00","CANCELLED":"false","CRS_ARR_TIME":"2015-03-10 13:45:00","CRS_DEP_TIME":"2015-03-10 11:25:00","DEP_AIRPORT_LAT":"40.85083333","DEP_AIRPORT_LON":"-96.75916667","DEP_AIRPORT_TZOFFSET":"-18000.0","DEP_DELAY":"-6.0","DEP_TIME":"2015-03-10 11:19:00","DEST":"ATL","DEST_AIRPORT_SEQ_ID":"1039705","DISTANCE":"841.0","DIVERTED":"false","FL_DATE":"2015-03-10","ORIGIN":"LNK","ORIGIN_AIRPORT_SEQ_ID":"1302902","TAXI_IN":"5.0","TAXI_OUT":"9.0","UNIQUE_CARRIER":"EV","WHEELS_OFF":"2015-03-10 11:28:00","WHEELS_ON":"2015-03-10 13:18:00"}
{"ARR_AIRPORT_LAT":"33.63666667","ARR_AIRPORT_LON":"-84.42777778","ARR_AIRPORT_TZOFFSET":"-14400.0","ARR_DELAY":"-2.0","ARR_TIME":"2015-03-10 13:03:00","CANCELLED":"false","CRS_ARR_TIME":"2015-03-10 13:05:00","CRS_DEP_TIME":"2015-03-10 12:00:00","DEP_AIRPORT_LAT":"34.63722222","DEP_AIRPORT_LON":"-86.775","DEP_AIRPORT_TZOFFSET":"-18000.0","DEP_DELAY":"1.0","DEP_TIME":"2015-03-10 12:01:00","DEST":"ATL","DEST_AIRPORT_SEQ_ID":"1039705","DISTANCE":"151.0","DIVERTED":"false","FL_DATE":"2015-03-10","ORIGIN":"HSV","ORIGIN_AIRPORT_SEQ_ID":"1221702","TAXI_IN":"5.0","TAXI_OUT":"28.0","UNIQUE_CARRIER":"DL","WHEELS_OFF":"2015-03-10 12:29:00","WHEELS_ON":"2015-03-10 12:58:00"}
{"ARR_AIRPORT_LAT":"33.63666667","ARR_AIRPORT_LON":"-84.42777778","ARR_AIRPORT_TZOFFSET":"-14400.0","ARR_DELAY":"-14.0","ARR_TIME":"2015-03-10 12:46:00","CANCELLED":"false","CRS_ARR_TIME":"2015-03-10 13:00:00","CRS_DEP_TIME":"2015-03-10 10:35:00","DEP_AIRPORT_LAT":"44.48472222","DEP_AIRPORT_LON":"-88.12972222","DEP_AIRPORT_TZOFFSET":"-18000.0","DEP_DELAY":"-4.0","DEP_TIME":"2015-03-10 10:31:00","DEST":"ATL","DEST_AIRPORT_SEQ_ID":"1039705","DISTANCE":"774.0","DIVERTED":"false","FL_DATE":"2015-03-10","ORIGIN":"GRB","ORIGIN_AIRPORT_SEQ_ID":"1197702","TAXI_IN":"6.0","TAXI_OUT":"12.0","UNIQUE_CARRIER":"OO","WHEELS_OFF":"2015-03-10 10:43:00","WHEELS_ON":"2015-03-10 12:40:00"}
{"ARR_AIRPORT_LAT":"33.63666667","ARR_AIRPORT_LON":"-84.42777778","ARR_AIRPORT_TZOFFSET":"-14400.0","ARR_DELAY":"56.0","ARR_TIME":"2015-03-10 14:06:00","CANCELLED":"false","CRS_ARR_TIME":"2015-03-10 13:10:00","CRS_DEP_TIME":"2015-03-10 11:30:00","DEP_AIRPORT_LAT":"32.44666667","DEP_AIRPORT_LON":"-93.82555556","DEP_AIRPORT_TZOFFSET":"-18000.0","DEP_DELAY":"58.0","DEP_TIME":"2015-03-10 12:28:00","DEST":"ATL","DEST_AIRPORT_SEQ_ID":"1039705","DISTANCE":"551.0","DIVERTED":"false","FL_DATE":"2015-03-10","ORIGIN":"SHV","ORIGIN_AIRPORT_SEQ_ID":"1481402","TAXI_IN":"11.0","TAXI_OUT":"13.0","UNIQUE_CARRIER":"EV","WHEELS_OFF":"2015-03-10 12:41:00","WHEELS_ON":"2015-03-10 13:55:00"}
{"ARR_AIRPORT_LAT":"30.19444444","ARR_AIRPORT_LON":"-97.67","ARR_AIRPORT_TZOFFSET":"-18000.0","ARR_DELAY":"-37.0","ARR_TIME":"2015-03-10 16:33:00","CANCELLED":"false","CRS_ARR_TIME":"2015-03-10 17:10:00","CRS_DEP_TIME":"2015-03-10 13:50:00","DEP_AIRPORT_LAT":"26.0725","DEP_AIRPORT_LON":"-80.15277778","DEP_AIRPORT_TZOFFSET":"-14400.0","DEP_DELAY":"-4.0","DEP_TIME":"2015-03-10 13:46:00","DEST":"AUS","DEST_AIRPORT_SEQ_ID":"1042302","DISTANCE":"1105.0","DIVERTED":"false","FL_DATE":"2015-03-10","ORIGIN":"FLL","ORIGIN_AIRPORT_SEQ_ID":"1169703","TAXI_IN":"4.0","TAXI_OUT":"12.0","UNIQUE_CARRIER":"WN","WHEELS_OFF":"2015-03-10 13:58:00","WHEELS_ON":"2015-03-10 16:29:00"}
{"ARR_AIRPORT_LAT":"30.19444444","ARR_AIRPORT_LON":"-97.67","ARR_AIRPORT_TZOFFSET":"-18000.0","ARR_DELAY":"1.0","ARR_TIME":"2015-03-10 13:31:00","CANCELLED":"false","CRS_ARR_TIME":"2015-03-10 13:30:00","CRS_DEP_TIME":"2015-03-10 12:00:00","DEP_AIRPORT_LAT":"31.80722222","DEP_AIRPORT_LON":"-106.37638889","DEP_AIRPORT_TZOFFSET":"-21600.0","DEP_DELAY":"-8.0","DEP_TIME":"2015-03-10 11:52:00","DEST":"AUS","DEST_AIRPORT_SEQ_ID":"1042302","DISTANCE":"528.0","DIVERTED":"false","FL_DATE":"2015-03-10","ORIGIN":"ELP","ORIGIN_AIRPORT_SEQ_ID":"1154003","TAXI_IN":"5.0","TAXI_OUT":"9.0","UNIQUE_CARRIER":"WN","WHEELS_OFF":"2015-03-10 12:01:00","WHEELS_ON":"2015-03-10 13:26:00"}
{"ARR_AIRPORT_LAT":"30.19444444","ARR_AIRPORT_LON":"-97.67","ARR_AIRPORT_TZOFFSET":"-18000.0","ARR_DELAY":"-12.0","ARR_TIME":"2015-03-10 12:58:00","CANCELLED":"false","CRS_ARR_TIME":"2015-03-10 13:10:00","CRS_DEP_TIME":"2015-03-10 12:00:00","DEP_AIRPORT_LAT":"33.66361111","DEP_AIRPORT_LON":"-101.82055556","DEP_AIRPORT_TZOFFSET":"-18000.0","DEP_DELAY":"-7.0","DEP_TIME":"2015-03-10 11:53:00","DEST":"AUS","DEST_AIRPORT_SEQ_ID":"1042302","DISTANCE":"341.0","DIVERTED":"false","FL_DATE":"2015-03-10","ORIGIN":"LBB","ORIGIN_AIRPORT_SEQ_ID":"1289605","TAXI_IN":"3.0","TAXI_OUT":"8.0","UNIQUE_CARRIER":"WN","WHEELS_OFF":"2015-03-10 12:01:00","WHEELS_ON":"2015-03-10 12:55:00"}
{"ARR_AIRPORT_LAT":"36.12444444","ARR_AIRPORT_LON":"-86.67805556","ARR_AIRPORT_TZOFFSET":"-18000.0","ARR_DELAY":"6.0","ARR_TIME":"2015-03-10 14:31:00","CANCELLED":"false","CRS_ARR_TIME":"2015-03-10 14:25:00","CRS_DEP_TIME":"2015-03-10 13:05:00","DEP_AIRPORT_LAT":"30.35833333","DEP_AIRPORT_LON":"-85.79555556","DEP_AIRPORT_TZOFFSET":"-18000.0","DEP_DELAY":"-1.0","DEP_TIME":"2015-03-10 13:04:00","DEST":"BNA","DEST_AIRPORT_SEQ_ID":"1069302","DISTANCE":"401.0","DIVERTED":"false","FL_DATE":"2015-03-10","ORIGIN":"ECP","ORIGIN_AIRPORT_SEQ_ID":"1148102","TAXI_IN":"5.0","TAXI_OUT":"13.0","UNIQUE_CARRIER":"WN","WHEELS_OFF":"2015-03-10 13:17:00","WHEELS_ON":"2015-03-10 14:26:00"}
{"ARR_AIRPORT_LAT":"36.12444444","ARR_AIRPORT_LON":"-86.67805556","ARR_AIRPORT_TZOFFSET":"-18000.0","ARR_DELAY":"-7.0","ARR_TIME":"2015-03-10 14:18:00","CANCELLED":"false","CRS_ARR_TIME":"2015-03-10 14:25:00","CRS_DEP_TIME":"2015-03-10 12:50:00","DEP_AIRPORT_LAT":"30.49416667","DEP_AIRPORT_LON":"-81.68777778","DEP_AIRPORT_TZOFFSET":"-14400.0","DEP_DELAY":"-2.0","DEP_TIME":"2015-03-10 12:48:00","DEST":"BNA","DEST_AIRPORT_SEQ_ID":"1069302","DISTANCE":"483.0","DIVERTED":"false","FL_DATE":"2015-03-10","ORIGIN":"JAX","ORIGIN_AIRPORT_SEQ_ID":"1245102","TAXI_IN":"7.0","TAXI_OUT":"10.0","UNIQUE_CARRIER":"WN","WHEELS_OFF":"2015-03-10 12:58:00","WHEELS_ON":"2015-03-10 14:11:00"}
{"ARR_AIRPORT_LAT":"36.12444444","ARR_AIRPORT_LON":"-86.67805556","ARR_AIRPORT_TZOFFSET":"-18000.0","ARR_DELAY":"-1.0","ARR_TIME":"2015-03-10 14:24:00","CANCELLED":"false","CRS_ARR_TIME":"2015-03-10 14:25:00","CRS_DEP_TIME":"2015-03-10 12:45:00","DEP_AIRPORT_LAT":"40.49138889","DEP_AIRPORT_LON":"-80.23277778","DEP_AIRPORT_TZOFFSET":"-14400.0","DEP_DELAY":"-8.0","DEP_TIME":"2015-03-10 12:37:00","DEST":"BNA","DEST_AIRPORT_SEQ_ID":"1069302","DISTANCE":"462.0","DIVERTED":"false","FL_DATE":"2015-03-10","ORIGIN":"PIT","ORIGIN_AIRPORT_SEQ_ID":"1412202","TAXI_IN":"5.0","TAXI_OUT":"19.0","UNIQUE_CARRIER":"WN","WHEELS_OFF":"2015-03-10 12:56:00","WHEELS_ON":"2015-03-10 14:19:00"}
{"ARR_AIRPORT_LAT":"36.12444444","ARR_AIRPORT_LON":"-86.67805556","ARR_AIRPORT_TZOFFSET":"-18000.0","ARR_DELAY":"-21.0","ARR_TIME":"2015-03-10 14:04:00","CANCELLED":"false","CRS_ARR_TIME":"2015-03-10 14:25:00","CRS_DEP_TIME":"2015-03-10 12:00:00","DEP_AIRPORT_LAT":"26.0725","DEP_AIRPORT_LON":"-80.15277778","DEP_AIRPORT_TZOFFSET":"-14400.0","DEP_DELAY":"-1.0","DEP_TIME":"2015-03-10 11:59:00","DEST":"BNA","DEST_AIRPORT_SEQ_ID":"1069302","DISTANCE":"793.0","DIVERTED":"false","FL_DATE":"2015-03-10","ORIGIN":"FLL","ORIGIN_AIRPORT_SEQ_ID":"1169703","TAXI_IN":"5.0","TAXI_OUT":"1.0","UNIQUE_CARRIER":"WN","WHEELS_OFF":"2015-03-10 12:00:00","WHEELS_ON":"2015-03-10 13:59:00"}
{"ARR_AIRPORT_LAT":"36.12444444","ARR_AIRPORT_LON":"-86.67805556","ARR_AIRPORT_TZOFFSET":"-18000.0","ARR_DELAY":"-14.0","ARR_TIME":"2015-03-10 13:06:00","CANCELLED":"false","CRS_ARR_TIME":"2015-03-10 13:20:00","CRS_DEP_TIME":"2015-03-10 12:00:00","DEP_AIRPORT_LAT":"30.47333333","DEP_AIRPORT_LON":"-87.18666667","DEP_AIRPORT_TZOFFSET":"-18000.0","DEP_DELAY":"-6.0","DEP_TIME":"2015-03-10 11:54:00","DEST":"BNA","DEST_AIRPORT_SEQ_ID":"1069302","DISTANCE":"391.0","DIVERTED":"false","FL_DATE":"2015-03-10","ORIGIN":"PNS","ORIGIN_AIRPORT_SEQ_ID":"1419304","TAXI_IN":"6.0","TAXI_OUT":"8.0","UNIQUE_CARRIER":"WN","WHEELS_OFF":"2015-03-10 12:02:00","WHEELS_ON":"2015-03-10 13:00:00"}
{"ARR_AIRPORT_LAT":"42.36305556","ARR_AIRPORT_LON":"-71.00638889","ARR_AIRPORT_TZOFFSET":"-14400.0","ARR_DELAY":"-18.0","ARR_TIME":"2015-03-10 13:57:00","CANCELLED":"false","CRS_ARR_TIME":"2015-03-10 14:15:00","CRS_DEP_TIME":"2015-03-10 12:30:00","DEP_AIRPORT_LAT":"40.915","DEP_AIRPORT_LON":"-81.44361111","DEP_AIRPORT_TZOFFSET":"-14400.0","DEP_DELAY":"-5.0","DEP_TIME":"2015-03-10 12:25:00","DEST":"BOS","DEST_AIRPORT_SEQ_ID":"1072102","DISTANCE":"549.0","DIVERTED":"false","FL_DATE":"2015-03-10","ORIGIN":"CAK","ORIGIN_AIRPORT_SEQ_ID":"1087402","TAXI_IN":"9.0","TAXI_OUT":"12.0","UNIQUE_CARRIER":"WN","WHEELS_OFF":"2015-03-10 12:37:00","WHEELS_ON":"2015-03-10 13:48:00"}
{"ARR_AIRPORT_LAT":"42.36305556","ARR_AIRPORT_LON":"-71.00638889","ARR_AIRPORT_TZOFFSET":"-14400.0","ARR_DELAY":"-26.0","ARR_TIME":"2015-03-10 14:08:00","CANCELLED":"false","CRS_ARR_TIME":"2015-03-10 14:34:00","CRS_DEP_TIME":"2015-03-10 13:12:00","DEP_AIRPORT_LAT":"42.94055556","DEP_AIRPORT_LON":"-78.73055556","DEP_AIRPORT_TZOFFSET":"-14400.0","DEP_DELAY":"-12.0","DEP_TIME":"2015-03-10 13:00:00","DEST":"BOS","DEST_AIRPORT_SEQ_ID":"1072102","DISTANCE":"395.0","DIVERTED":"false","FL_DATE":"2015-03-10","ORIGIN":"BUF","ORIGIN_AIRPORT_SEQ_ID":"1079204","TAXI_IN":"4.0","TAXI_OUT":"11.0","UNIQUE_CARRIER":"B6","WHEELS_OFF":"2015-03-10 13:11:00","WHEELS_ON":"2015-03-10 14:04:00"}
{"ARR_AIRPORT_LAT":"39.17527778","ARR_AIRPORT_LON":"-76.66833333","ARR_AIRPORT_TZOFFSET":"-14400.0","ARR_DELAY":"-4.0","ARR_TIME":"2015-03-10 13:11:00","CANCELLED":"false","CRS_ARR_TIME":"2015-03-10 13:15:00","CRS_DEP_TIME":"2015-03-10 10:50:00","DEP_AIRPORT_LAT":"26.68305556","DEP_AIRPORT_LON":"-80.09555556","DEP_AIRPORT_TZOFFSET":"-14400.0","DEP_DELAY":"3.0","DEP_TIME":"2015-03-10 10:53:00","DEST":"BWI","DEST_AIRPORT_SEQ_ID":"1082103","DISTANCE":"883.0","DIVERTED":"false","FL_DATE":"2015-03-10","ORIGIN":"PBI","ORIGIN_AIRPORT_SEQ_ID":"1402702","TAXI_IN":"8.0","TAXI_OUT":"12.0","UNIQUE_CARRIER":"WN","WHEELS_OFF":"2015-03-10 11:05:00","WHEELS_ON":"2015-03-10 13:03:00"}
{"ARR_AIRPORT_LAT":"39.17527778","ARR_AIRPORT_LON":"-76.66833333","ARR_AIRPORT_TZOFFSET":"-14400.0","ARR_DELAY":"-7.0","ARR_TIME":"2015-03-10 12:48:00","CANCELLED":"false","CRS_ARR_TIME":"2015-03-10 12:55:00","CRS_DEP_TIME":"2015-03-10 10:15:00","DEP_AIRPORT_LAT":"26.0725","DEP_AIRPORT_LON":"-80.15277778","DEP_AIRPORT_TZOFFSET":"-14400.0","DEP_DELAY":"-5.0","DEP_TIME":"2015-03-10 10:10:00","DEST":"BWI","DEST_AIRPORT_SEQ_ID":"1082103","DISTANCE":"925.0","DIVERTED":"false","FL_DATE":"2015-03-10","ORIGIN":"FLL","ORIGIN_AIRPORT_SEQ_ID":"1169703","TAXI_IN":"20.0","TAXI_OUT":"15.0","UNIQUE_CARRIER":"WN","WHEELS_OFF":"2015-03-10 10:25:00","WHEELS_ON":"2015-03-10 12:28:00"}
{"ARR_AIRPORT_LAT":"39.17527778","ARR_AIRPORT_LON":"-76.66833333","ARR_AIRPORT_TZOFFSET":"-14400.0","ARR_DELAY":"-2.0","ARR_TIME":"2015-03-10 15:08:00","CANCELLED":"false","CRS_ARR_TIME":"2015-03-10 15:10:00","CRS_DEP_TIME":"2015-03-10 11:35:00","DEP_AIRPORT_LAT":"35.03888889","DEP_AIRPORT_LON":"-106.60833333","DEP_AIRPORT_TZOFFSET":"-21600.0","DEP_DELAY":"-5.0","DEP_TIME":"2015-03-10 11:30:00","DEST":"BWI","DEST_AIRPORT_SEQ_ID":"1082103","DISTANCE":"1670.0","DIVERTED":"false","FL_DATE":"2015-03-10","ORIGIN":"ABQ","ORIGIN_AIRPORT_SEQ_ID":"1014003","TAXI_IN":"14.0","TAXI_OUT":"12.0","UNIQUE_CARRIER":"WN","WHEELS_OFF":"2015-03-10 11:42:00","WHEELS_ON":"2015-03-10 14:54:00"}
{"ARR_AIRPORT_LAT":"39.17527778","ARR_AIRPORT_LON":"-76.66833333","ARR_AIRPORT_TZOFFSET":"-14400.0","ARR_DELAY":"-17.0","ARR_TIME":"2015-03-10 11:43:00","CANCELLED":"false","CRS_ARR_TIME":"2015-03-10 12:00:00","CRS_DEP_TIME":"2015-03-10 10:40:00","DEP_AIRPORT_LAT":"41.93916667","DEP_AIRPORT_LON":"-72.68333333","DEP_AIRPORT_TZOFFSET":"-14400.0","DEP_DELAY":"-3.0","DEP_TIME":"2015-03-10 10:37:00","DEST":"BWI","DEST_AIRPORT_SEQ_ID":"1082103","DISTANCE":"283.0","DIVERTED":"false","FL_DATE":"2015-03-10","ORIGIN":"BDL","ORIGIN_AIRPORT_SEQ_ID":"1052904","TAXI_IN":"4.0","TAXI_OUT":"11.0","UNIQUE_CARRIER":"WN","WHEELS_OFF":"2015-03-10 10:48:00","WHEELS_ON":"2015-03-10 11:39:00"}
{"ARR_AIRPORT_LAT":"41.40944444","ARR_AIRPORT_LON":"-81.85472222","ARR_AIRPORT_TZOFFSET":"-14400.0","ARR_DELAY":"-26.0","ARR_TIME":"2015-03-10 15:59:00","CANCELLED":"false","CRS_ARR_TIME":"2015-03-10 16:25:00","CRS_DEP_TIME":"2015-03-10 13:35:00","DEP_AIRPORT_LAT":"26.0725","DEP_AIRPORT_LON":"-80.15277778","DEP_AIRPORT_TZOFFSET":"-14400.0","DEP_DELAY":"-11.0","DEP_TIME":"2015-03-10 13:24:00","DEST":"CLE","DEST_AIRPORT_SEQ_ID":"1104203","DISTANCE":"1062.0","DIVERTED":"false","FL_DATE":"2015-03-10","ORIGIN":"FLL","ORIGIN_AIRPORT_SEQ_ID":"1169703","TAXI_IN":"7.0","TAXI_OUT":"11.0","UNIQUE_CARRIER":"F9","WHEELS_OFF":"2015-03-10 13:35:00","WHEELS_ON":"2015-03-10 15:52:00"}
{"ARR_AIRPORT_LAT":"35.21361111","ARR_AIRPORT_LON":"-80.94916667","ARR_AIRPORT_TZOFFSET":"-14400.0","ARR_DELAY":"-3.0","ARR_TIME":"2015-03-10 14:16:00","CANCELLED":"false","CRS_ARR_TIME":"2015-03-10 14:19:00","CRS_DEP_TIME":"2015-03-10 12:35:00","DEP_AIRPORT_LAT":"40.49138889","DEP_AIRPORT_LON":"-80.23277778","DEP_AIRPORT_TZOFFSET":"-14400.0","DEP_DELAY":"4.0","DEP_TIME":"2015-03-10 12:39:00","DEST":"CLT","DEST_AIRPORT_SEQ_ID":"1105703","DISTANCE":"366.0","DIVERTED":"false","FL_DATE":"2015-03-10","ORIGIN":"PIT","ORIGIN_AIRPORT_SEQ_ID":"1412202","TAXI_IN":"13.0","TAXI_OUT":"14.0","UNIQUE_CARRIER":"US","WHEELS_OFF":"2015-03-10 12:53:00","WHEELS_ON":"2015-03-10 14:03:00"}
{"ARR_AIRPORT_LAT":"35.21361111","ARR_AIRPORT_LON":"-80.94916667","ARR_AIRPORT_TZOFFSET":"-14400.0","ARR_DELAY":"6.0","ARR_TIME":"2015-03-10 12:43:00","CANCELLED":"false","CRS_ARR_TIME":"2015-03-10 12:37:00","CRS_DEP_TIME":"2015-03-10 10:45:00","DEP_AIRPORT_LAT":"26.68305556","DEP_AIRPORT_LON":"-80.09555556","DEP_AIRPORT_TZOFFSET":"-14400.0","DEP_DELAY":"-2.0","DEP_TIME":"2015-03-10 10:43:00","DEST":"CLT","DEST_AIRPORT_SEQ_ID":"1105703","DISTANCE":"590.0","DIVERTED":"false","FL_DATE":"2015-03-10","ORIGIN":"PBI","ORIGIN_AIRPORT_SEQ_ID":"1402702","TAXI_IN":"9.0","TAXI_OUT":"11.0","UNIQUE_CARRIER":"US","WHEELS_OFF":"2015-03-10 10:54:00","WHEELS_ON":"2015-03-10 12:34:00"}
{"ARR_AIRPORT_LAT":"35.21361111","ARR_AIRPORT_LON":"-80.94916667","ARR_AIRPORT_TZOFFSET":"-14400.0","ARR_DELAY":"-13.0","ARR_TIME":"2015-03-10 13:59:00","CANCELLED":"false","CRS_ARR_TIME":"2015-03-10 14:12:00","CRS_DEP_TIME":"2015-03-10 12:10:00","DEP_AIRPORT_LAT":"26.0725","DEP_AIRPORT_LON":"-80.15277778","DEP_AIRPORT_TZOFFSET":"-14400.0","DEP_DELAY":"-6.0","DEP_TIME":"2015-03-10 12:04:00","DEST":"CLT","DEST_AIRPORT_SEQ_ID":"1105703","DISTANCE":"631.0","DIVERTED":"false","FL_DATE":"2015-03-10","ORIGIN":"FLL","ORIGIN_AIRPORT_SEQ_ID":"1169703","TAXI_IN":"12.0","TAXI_OUT":"12.0","UNIQUE_CARRIER":"US","WHEELS_OFF":"2015-03-10 12:16:00","WHEELS_ON":"2015-03-10 13:47:00"}
{"ARR_AIRPORT_LAT":"35.21361111","ARR_AIRPORT_LON":"-80.94916667","ARR_AIRPORT_TZOFFSET":"-14400.0","ARR_DELAY":"-4.0","ARR_TIME":"2015-03-10 12:30:00","CANCELLED":"false","CRS_ARR_TIME":"2015-03-10 12:34:00","CRS_DEP_TIME":"2015-03-10 11:00:00","DEP_AIRPORT_LAT":"35.0425","DEP_AIRPORT_LON":"-89.97666667","DEP_AIRPORT_TZOFFSET":"-18000.0","DEP_DELAY":"-1.0","DEP_TIME":"2015-03-10 10:59:00","DEST":"CLT","DEST_AIRPORT_SEQ_ID":"1105703","DISTANCE":"511.0","DIVERTED":"false","FL_DATE":"2015-03-10","ORIGIN":"MEM","ORIGIN_AIRPORT_SEQ_ID":"1324402","TAXI_IN":"7.0","TAXI_OUT":"13.0","UNIQUE_CARRIER":"US","WHEELS_OFF":"2015-03-10 11:12:00","WHEELS_ON":"2015-03-10 12:23:00"}
{"ARR_AIRPORT_LAT":"35.21361111","ARR_AIRPORT_LON":"-80.94916667","ARR_AIRPORT_TZOFFSET":"-14400.0","ARR_DELAY":"13.0","ARR_TIME":"2015-03-10 14:43:00","CANCELLED":"false","CRS_ARR_TIME":"2015-03-10 14:30:00","CRS_DEP_TIME":"2015-03-10 12:00:00","DEP_AIRPORT_LAT":"42.74916667","DEP_AIRPORT_LON":"-73.80194444","DEP_AIRPORT_TZOFFSET":"-14400.0","DEP_DELAY":"0.0","DEP_TIME":"2015-03-10 12:00:00","DEST":"CLT","DEST_AIRPORT_SEQ_ID":"1105703","DISTANCE":"646.0","DIVERTED":"false","FL_DATE":"2015-03-10","ORIGIN":"ALB","ORIGIN_AIRPORT_SEQ_ID":"1025702","TAXI_IN":"10.0","TAXI_OUT":"38.0","UNIQUE_CARRIER":"US","WHEELS_OFF":"2015-03-10 12:38:00","WHEELS_ON":"2015-03-10 14:33:00"}
{"ARR_AIRPORT_LAT":"35.21361111","ARR_AIRPORT_LON":"-80.94916667","ARR_AIRPORT_TZOFFSET":"-14400.0","ARR_DELAY":"-6.0","ARR_TIME":"2015-03-10 14:08:00","CANCELLED":"false","CRS_ARR_TIME":"2015-03-10 14:14:00","CRS_DEP_TIME":"2015-03-10 12:20:00","DEP_AIRPORT_LAT":"26.68305556","DEP_AIRPORT_LON":"-80.09555556","DEP_AIRPORT_TZOFFSET":"-14400.0","DEP_DELAY":"-1.0","DEP_TIME":"2015-03-10 12:19:00","DEST":"CLT","DEST_AIRPORT_SEQ_ID":"1105703","DISTANCE":"590.0","DIVERTED":"false","FL_DATE":"2015-03-10","ORIGIN":"PBI","ORIGIN_AIRPORT_SEQ_ID":"1402702","TAXI_IN":"7.0","TAXI_OUT":"13.0","UNIQUE_CARRIER":"US","WHEELS_OFF":"2015-03-10 12:32:00","WHEELS_ON":"2015-03-10 14:01:00"}
{"ARR_AIRPORT_LAT":"35.21361111","ARR_AIRPORT_LON":"-80.94916667","ARR_AIRPORT_TZOFFSET":"-14400.0","ARR_DELAY":"-10.0","ARR_TIME":"2015-03-10 14:10:00","CANCELLED":"false","CRS_ARR_TIME":"2015-03-10 14:20:00","CRS_DEP_TIME":"2015-03-10 12:15:00","DEP_AIRPORT_LAT":"42.94055556","DEP_AIRPORT_LON":"-78.73055556","DEP_AIRPORT_TZOFFSET":"-14400.0","DEP_DELAY":"-4.0","DEP_TIME":"2015-03-10 12:11:00","DEST":"CLT","DEST_AIRPORT_SEQ_ID":"1105703","DISTANCE":"546.0","DIVERTED":"false","FL_DATE":"2015-03-10","ORIGIN":"BUF","ORIGIN_AIRPORT_SEQ_ID":"1079204","TAXI_IN":"10.0","TAXI_OUT":"18.0","UNIQUE_CARRIER":"US","WHEELS_OFF":"2015-03-10 12:29:00","WHEELS_ON":"2015-03-10 14:00:00"}
{"ARR_AIRPORT_LAT":"35.21361111","ARR_AIRPORT_LON":"-80.94916667","ARR_AIRPORT_TZOFFSET":"-14400.0","ARR_DELAY":"-26.0","ARR_TIME":"2015-03-10 11:46:00","CANCELLED":"false","CRS_ARR_TIME":"2015-03-10 12:12:00","CRS_DEP_TIME":"2015-03-10 10:50:00","DEP_AIRPORT_LAT":"37.50527778","DEP_AIRPORT_LON":"-77.31972222","DEP_AIRPORT_TZOFFSET":"-14400.0","DEP_DELAY":"-8.0","DEP_TIME":"2015-03-10 10:42:00","DEST":"CLT","DEST_AIRPORT_SEQ_ID":"1105703","DISTANCE":"257.0","DIVERTED":"false","FL_DATE":"2015-03-10","ORIGIN":"RIC","ORIGIN_AIRPORT_SEQ_ID":"1452401","TAXI_IN":"4.0","TAXI_OUT":"15.0","UNIQUE_CARRIER":"US","WHEELS_OFF":"2015-03-10 10:57:00","WHEELS_ON":"2015-03-10 11:42:00"}
{"ARR_AIRPORT_LAT":"35.21361111","ARR_AIRPORT_LON":"-80.94916667","ARR_AIRPORT_TZOFFSET":"-14400.0","ARR_DELAY":"-23.0","ARR_TIME":"2015-03-10 14:26:00","CANCELLED":"false","CRS_ARR_TIME":"2015-03-10 14:49:00","CRS_DEP_TIME":"2015-03-10 12:05:00","DEP_AIRPORT_LAT":"43.64555556","DEP_AIRPORT_LON":"-70.30861111","DEP_AIRPORT_TZOFFSET":"-14400.0","DEP_DELAY":"-3.0","DEP_TIME":"2015-03-10 12:02:00","DEST":"CLT","DEST_AIRPORT_SEQ_ID":"1105703","DISTANCE":"813.0","DIVERTED":"false","FL_DATE":"2015-03-10","ORIGIN":"PWM","ORIGIN_AIRPORT_SEQ_ID":"1432103","TAXI_IN":"4.0","TAXI_OUT":"13.0","UNIQUE_CARRIER":"US","WHEELS_OFF":"2015-03-10 12:15:00","WHEELS_ON":"2015-03-10 14:22:00"}
{"ARR_AIRPORT_LAT":"35.21361111","ARR_AIRPORT_LON":"-80.94916667","ARR_AIRPORT_TZOFFSET":"-14400.0","ARR_DELAY":"-7.0","ARR_TIME":"2015-03-10 14:07:00","CANCELLED":"false","CRS_ARR_TIME":"2015-03-10 14:14:00","CRS_DEP_TIME":"2015-03-10 12:45:00","DEP_AIRPORT_LAT":"30.49416667","DEP_AIRPORT_LON":"-81.68777778","DEP_AIRPORT_TZOFFSET":"-14400.0","DEP_DELAY":"-9.0","DEP_TIME":"2015-03-10 12:36:00","DEST":"CLT","DEST_AIRPORT_SEQ_ID":"1105703","DISTANCE":"328.0","DIVERTED":"false","FL_DATE":"2015-03-10","ORIGIN":"JAX","ORIGIN_AIRPORT_SEQ_ID":"1245102","TAXI_IN":"14.0","TAXI_OUT":"20.0","UNIQUE_CARRIER":"US","WHEELS_OFF":"2015-03-10 12:56:00","WHEELS_ON":"2015-03-10 13:53:00"}
{"ARR_AIRPORT_LAT":"32.84722222","ARR_AIRPORT_LON":"-96.85166667","ARR_AIRPORT_TZOFFSET":"-18000.0","ARR_DELAY":"2.0","ARR_TIME":"2015-03-10 11:47:00","CANCELLED":"false","CRS_ARR_TIME":"2015-03-10 11:45:00","CRS_DEP_TIME":"2015-03-10 10:50:00","DEP_AIRPORT_LAT":"35.39305556","DEP_AIRPORT_LON":"-97.60083333","DEP_AIRPORT_TZOFFSET":"-18000.0","DEP_DELAY":"-1.0","DEP_TIME":"2015-03-10 10:49:00","DEST":"DAL","DEST_AIRPORT_SEQ_ID":"1125903","DISTANCE":"181.0","DIVERTED":"false","FL_DATE":"2015-03-10","ORIGIN":"OKC","ORIGIN_AIRPORT_SEQ_ID":"1385103","TAXI_IN":"6.0","TAXI_OUT":"13.0","UNIQUE_CARRIER":"WN","WHEELS_OFF":"2015-03-10 11:02:00","WHEELS_ON":"2015-03-10 11:41:00"}
{"ARR_AIRPORT_LAT":"32.84722222","ARR_AIRPORT_LON":"-96.85166667","ARR_AIRPORT_TZOFFSET":"-18000.0","ARR_DELAY":"10.0","ARR_TIME":"2015-03-10 13:45:00","CANCELLED":"false","CRS_ARR_TIME":"2015-03-10 13:35:00","CRS_DEP_TIME":"2015-03-10 12:00:00","DEP_AIRPORT_LAT":"35.03888889","DEP_AIRPORT_LON":"-106.60833333","DEP_AIRPORT_TZOFFSET":"-21600.0","DEP_DELAY":"0.0","DEP_TIME":"2015-03-10 12:00:00","DEST":"DAL","DEST_AIRPORT_SEQ_ID":"1125903","DISTANCE":"580.0","DIVERTED":"false","FL_DATE":"2015-03-10","ORIGIN":"ABQ","ORIGIN_AIRPORT_SEQ_ID":"1014003","TAXI_IN":"7.0","TAXI_OUT":"14.0","UNIQUE_CARRIER":"WN","WHEELS_OFF":"2015-03-10 12:14:00","WHEELS_ON":"2015-03-10 13:38:00"}
{"ARR_AIRPORT_LAT":"32.84722222","ARR_AIRPORT_LON":"-96.85166667","ARR_AIRPORT_TZOFFSET":"-18000.0","ARR_DELAY":"1.0","ARR_TIME":"2015-03-10 13:21:00","CANCELLED":"false","CRS_ARR_TIME":"2015-03-10 13:20:00","CRS_DEP_TIME":"2015-03-10 11:45:00","DEP_AIRPORT_LAT":"31.80722222","DEP_AIRPORT_LON":"-106.37638889","DEP_AIRPORT_TZOFFSET":"-21600.0","DEP_DELAY":"0.0","DEP_TIME":"2015-03-10 11:45:00","DEST":"DAL","DEST_AIRPORT_SEQ_ID":"1125903","DISTANCE":"562.0","DIVERTED":"false","FL_DATE":"2015-03-10","ORIGIN":"ELP","ORIGIN_AIRPORT_SEQ_ID":"1154003","TAXI_IN":"6.0","TAXI_OUT":"8.0","UNIQUE_CARRIER":"WN","WHEELS_OFF":"2015-03-10 11:53:00","WHEELS_ON":"2015-03-10 13:15:00"}
{"ARR_AIRPORT_LAT":"32.84722222","ARR_AIRPORT_LON":"-96.85166667","ARR_AIRPORT_TZOFFSET":"-18000.0","ARR_DELAY":"-5.0","ARR_TIME":"2015-03-10 16:15:00","CANCELLED":"false","CRS_ARR_TIME":"2015-03-10 16:20:00","CRS_DEP_TIME":"2015-03-10 12:55:00","DEP_AIRPORT_LAT":"37.72277778","DEP_AIRPORT_LON":"-122.22138889","DEP_AIRPORT_TZOFFSET":"-25200.0","DEP_DELAY":"-2.0","DEP_TIME":"2015-03-10 12:53:00","DEST":"DAL","DEST_AIRPORT_SEQ_ID":"1125903","DISTANCE":"1468.0","DIVERTED":"false","FL_DATE":"2015-03-10","ORIGIN":"OAK","ORIGIN_AIRPORT_SEQ_ID":"1379603","TAXI_IN":"6.0","TAXI_OUT":"13.0","UNIQUE_CARRIER":"WN","WHEELS_OFF":"2015-03-10 13:06:00","WHEELS_ON":"2015-03-10 16:09:00"}
{"ARR_AIRPORT_LAT":"32.84722222","ARR_AIRPORT_LON":"-96.85166667","ARR_AIRPORT_TZOFFSET":"-18000.0","ARR_DELAY":"-4.0","ARR_TIME":"2015-03-10 11:46:00","CANCELLED":"false","CRS_ARR_TIME":"2015-03-10 11:50:00","CRS_DEP_TIME":"2015-03-10 10:45:00","DEP_AIRPORT_LAT":"33.66361111","DEP_AIRPORT_LON":"-101.82055556","DEP_AIRPORT_TZOFFSET":"-18000.0","DEP_DELAY":"-4.0","DEP_TIME":"2015-03-10 10:41:00","DEST":"DAL","DEST_AIRPORT_SEQ_ID":"1125903","DISTANCE":"293.0","DIVERTED":"false","FL_DATE":"2015-03-10","ORIGIN":"LBB","ORIGIN_AIRPORT_SEQ_ID":"1289605","TAXI_IN":"4.0","TAXI_OUT":"8.0","UNIQUE_CARRIER":"WN","WHEELS_OFF":"2015-03-10 10:49:00","WHEELS_ON":"2015-03-10 11:42:00"}
{"ARR_AIRPORT_LAT":"38.85194444","ARR_AIRPORT_LON":"-77.03777778","ARR_AIRPORT_TZOFFSET":"-14400.0","ARR_DELAY":"-13.0","ARR_TIME":"2015-03-10 15:47:00","CANCELLED":"false","CRS_ARR_TIME":"2015-03-10 16:00:00","CRS_DEP_TIME":"2015-03-10 13:35:00","DEP_AIRPORT_LAT":"26.0725","DEP_AIRPORT_LON":"-80.15277778","DEP_AIRPORT_TZOFFSET":"-14400.0","DEP_DELAY":"-2.0","DEP_TIME":"2015-03-10 13:33:00","DEST":"DCA","DEST_AIRPORT_SEQ_ID":"1127802","DISTANCE":"899.0","DIVERTED":"false","FL_DATE":"2015-03-10","ORIGIN":"FLL","ORIGIN_AIRPORT_SEQ_ID":"1169703","TAXI_IN":"4.0","TAXI_OUT":"13.0","UNIQUE_CARRIER":"B6","WHEELS_OFF":"2015-03-10 13:46:00","WHEELS_ON":"2015-03-10 15:43:00"}
{"ARR_AIRPORT_LAT":"38.85194444","ARR_AIRPORT_LON":"-77.03777778","ARR_AIRPORT_TZOFFSET":"-14400.0","ARR_DELAY":"-15.0","ARR_TIME":"2015-03-10 13:11:00","CANCELLED":"false","CRS_ARR_TIME":"2015-03-10 13:26:00","CRS_DEP_TIME":"2015-03-10 11:00:00","DEP_AIRPORT_LAT":"26.0725","DEP_AIRPORT_LON":"-80.15277778","DEP_AIRPORT_TZOFFSET":"-14400.0","DEP_DELAY":"-4.0","DEP_TIME":"2015-03-10 10:56:00","DEST":"DCA","DEST_AIRPORT_SEQ_ID":"1127802","DISTANCE":"899.0","DIVERTED":"false","FL_DATE":"2015-03-10","ORIGIN":"FLL","ORIGIN_AIRPORT_SEQ_ID":"1169703","TAXI_IN":"5.0","TAXI_OUT":"14.0","UNIQUE_CARRIER":"US","WHEELS_OFF":"2015-03-10 11:10:00","WHEELS_ON":"2015-03-10 13:06:00"}
{"ARR_AIRPORT_LAT":"38.85194444","ARR_AIRPORT_LON":"-77.03777778","ARR_AIRPORT_TZOFFSET":"-14400.0","ARR_DELAY":"-4.0","ARR_TIME":"2015-03-10 11:48:00","CANCELLED":"false","CRS_ARR_TIME":"2015-03-10 11:52:00","CRS_DEP_TIME":"2015-03-10 10:20:00","DEP_AIRPORT_LAT":"41.93916667","DEP_AIRPORT_LON":"-72.68333333","DEP_AIRPORT_TZOFFSET":"-14400.0","DEP_DELAY":"-3.0","DEP_TIME":"2015-03-10 10:17:00","DEST":"DCA","DEST_AIRPORT_SEQ_ID":"1127802","DISTANCE":"313.0","DIVERTED":"false","FL_DATE":"2015-03-10","ORIGIN":"BDL","ORIGIN_AIRPORT_SEQ_ID":"1052904","TAXI_IN":"7.0","TAXI_OUT":"19.0","UNIQUE_CARRIER":"B6","WHEELS_OFF":"2015-03-10 10:36:00","WHEELS_ON":"2015-03-10 11:41:00"}
{"ARR_AIRPORT_LAT":"39.86166667","ARR_AIRPORT_LON":"-104.67305556","ARR_AIRPORT_TZOFFSET":"-21600.0","ARR_DELAY":"3.0","ARR_TIME":"2015-03-10 16:30:00","CANCELLED":"false","CRS_ARR_TIME":"2015-03-10 16:27:00","CRS_DEP_TIME":"2015-03-10 13:45:00","DEP_AIRPORT_LAT":"35.0425","DEP_AIRPORT_LON":"-89.97666667","DEP_AIRPORT_TZOFFSET":"-18000.0","DEP_DELAY":"-4.0","DEP_TIME":"2015-03-10 13:41:00","DEST":"DEN","DEST_AIRPORT_SEQ_ID":"1129202","DISTANCE":"872.0","DIVERTED":"false","FL_DATE":"2015-03-10","ORIGIN":"MEM","ORIGIN_AIRPORT_SEQ_ID":"1324402","TAXI_IN":"25.0","TAXI_OUT":"18.0","UNIQUE_CARRIER":"OO","WHEELS_OFF":"2015-03-10 13:59:00","WHEELS_ON":"2015-03-10 16:05:00"}
